,Bit,Ether,tether,Doge,Sand,XRP,Solana,Shib
2024-11-01 01:00:00,98295000.0,3561000.0,1395.0,230.0,344.0,710.6,236950.0,0.02521
2024-11-01 02:00:00,98323000.0,3534000.0,1396.0,230.2,342.0,708.3,236900.0,0.02503
2024-11-01 03:00:00,98231000.0,3514000.0,1397.0,226.2,338.0,705.1,236000.0,0.025
2024-11-01 04:00:00,98000000.0,3510000.0,1396.0,222.2,338.0,707.0,235650.0,0.0248
2024-11-01 05:00:00,97300000.0,3500000.0,1396.0,218.7,337.0,707.1,235450.0,0.02476
2024-11-01 06:00:00,97360000.0,3508000.0,1391.0,218.1,337.0,708.5,235500.0,0.02469
2024-11-01 07:00:00,97693000.0,3490000.0,1391.0,223.2,337.0,708.6,233300.0,0.0247
2024-11-01 08:00:00,98100000.0,3508000.0,1393.0,225.0,338.0,711.2,235050.0,0.02494
2024-11-01 09:00:00,97848000.0,3509000.0,1394.0,225.0,339.0,710.7,235000.0,0.02495
2024-11-01 10:00:00,96333000.0,3471000.0,1390.0,222.7,335.0,705.5,231300.0,0.02451
2024-11-01 11:00:00,95520000.0,3430000.0,1389.0,218.0,330.0,700.0,229650.0,0.0242
2024-11-01 12:00:00,96501000.0,3481000.0,1390.0,219.9,335.0,710.0,232350.0,0.02432
2024-11-01 13:00:00,96480000.0,3481000.0,1391.0,219.1,336.0,717.2,232150.0,0.02427
2024-11-01 14:00:00,96823000.0,3491000.0,1392.0,221.8,336.0,714.5,232400.0,0.02435
2024-11-01 15:00:00,96359000.0,3482000.0,1393.0,216.2,333.0,714.8,230300.0,0.02415
2024-11-01 16:00:00,96160000.0,3459000.0,1392.0,214.5,330.0,710.0,229650.0,0.02397
2024-11-01 17:00:00,96350000.0,3474000.0,1392.0,217.0,333.0,712.1,230500.0,0.02392
2024-11-01 18:00:00,96479000.0,3477000.0,1391.0,219.5,335.0,719.8,230250.0,0.02399
2024-11-01 19:00:00,96800000.0,3491000.0,1391.0,220.1,336.0,721.6,232550.0,0.02415
2024-11-01 20:00:00,97525000.0,3509000.0,1393.0,223.8,340.0,722.1,233950.0,0.02439
2024-11-01 21:00:00,97597000.0,3506000.0,1393.0,224.0,340.0,721.5,234000.0,0.0244
2024-11-01 22:00:00,97919000.0,3533000.0,1393.0,225.9,343.0,720.8,236450.0,0.02457
2024-11-01 23:00:00,98684000.0,3550000.0,1392.0,230.0,343.0,721.2,237150.0,0.02497
2024-11-02 00:00:00,96539000.0,3472000.0,1391.0,221.1,335.0,715.6,228900.0,0.0243
2024-11-02 01:00:00,96920000.0,3494000.0,1395.0,222.0,337.0,720.3,229000.0,0.02443
2024-11-02 02:00:00,97013000.0,3501000.0,1394.0,223.0,339.0,719.6,231350.0,0.02447
2024-11-02 03:00:00,96600000.0,3500000.0,1395.0,222.6,340.0,718.0,231850.0,0.02434
2024-11-02 04:00:00,96350000.0,3488000.0,1397.0,222.9,339.0,717.2,231500.0,0.02427
2024-11-02 05:00:00,96952000.0,3519000.0,1399.0,223.7,340.0,721.5,232000.0,0.02446
2024-11-02 06:00:00,96550000.0,3487000.0,1399.0,219.9,337.0,713.0,230000.0,0.02419
2024-11-02 07:00:00,97000000.0,3509000.0,1400.0,220.1,339.0,714.6,231000.0,0.02436
2024-11-02 08:00:00,97174000.0,3515000.0,1399.0,220.8,340.0,716.6,232050.0,0.02445
2024-11-02 09:00:00,97055000.0,3509000.0,1395.0,222.8,341.0,716.3,232500.0,0.02459
2024-11-02 10:00:00,97367000.0,3515000.0,1398.0,225.0,343.0,719.4,233650.0,0.02475
2024-11-02 11:00:00,97517000.0,3516000.0,1399.0,225.6,344.0,720.9,234250.0,0.02486
2024-11-02 12:00:00,97500000.0,3505000.0,1399.0,225.5,342.0,720.0,233300.0,0.02479
2024-11-02 13:00:00,97375000.0,3505000.0,1400.0,224.4,342.0,718.7,233100.0,0.0247
2024-11-02 14:00:00,97410000.0,3505000.0,1401.0,223.5,342.0,717.3,232300.0,0.02465
2024-11-02 15:00:00,97595000.0,3510000.0,1401.0,226.2,342.0,718.4,233200.0,0.02483
2024-11-02 16:00:00,97725000.0,3510000.0,1400.0,226.5,343.0,717.6,233300.0,0.02492
2024-11-02 17:00:00,97603000.0,3502000.0,1400.0,224.5,343.0,717.3,233700.0,0.02477
2024-11-02 18:00:00,97589000.0,3498000.0,1401.0,223.2,342.0,717.7,233200.0,0.02463
2024-11-02 19:00:00,97310000.0,3498000.0,1401.0,222.5,341.0,716.2,232800.0,0.02459
2024-11-02 20:00:00,97450000.0,3500000.0,1400.0,223.0,342.0,716.2,232300.0,0.0246
2024-11-02 21:00:00,97153000.0,3481000.0,1400.0,218.1,338.0,713.7,230700.0,0.02427
2024-11-02 22:00:00,97180000.0,3460000.0,1400.0,219.0,336.0,713.5,230150.0,0.02428
2024-11-02 23:00:00,96825000.0,3473000.0,1401.0,219.3,336.0,713.0,228000.0,0.02428
2024-11-03 00:00:00,96911000.0,3476000.0,1400.0,218.1,336.0,710.9,227350.0,0.0242
2024-11-03 01:00:00,97161000.0,3484000.0,1400.0,219.9,336.0,715.0,229550.0,0.02432
2024-11-03 02:00:00,97286000.0,3480000.0,1401.0,220.4,336.0,714.9,229650.0,0.02433
2024-11-03 03:00:00,97287000.0,3481000.0,1402.0,220.1,334.0,713.9,229000.0,0.02425
2024-11-03 04:00:00,97472000.0,3490000.0,1403.0,222.0,336.0,714.8,230000.0,0.02431
2024-11-03 05:00:00,97483000.0,3495000.0,1403.0,223.3,336.0,713.8,231600.0,0.02446
2024-11-03 06:00:00,97355000.0,3493000.0,1403.0,222.2,337.0,713.0,232950.0,0.02446
2024-11-03 07:00:00,97382000.0,3493000.0,1402.0,222.0,336.0,714.0,232400.0,0.02442
2024-11-03 08:00:00,96825000.0,3482000.0,1401.0,220.7,334.0,713.1,231550.0,0.0243
2024-11-03 09:00:00,96922000.0,3480000.0,1402.0,220.6,335.0,714.0,231400.0,0.0242
2024-11-03 10:00:00,96823000.0,3467000.0,1402.0,218.5,334.0,711.0,229850.0,0.02409
2024-11-03 11:00:00,95271000.0,3412000.0,1402.0,208.0,324.7,701.2,226100.0,0.02344
2024-11-03 12:00:00,95524000.0,3407000.0,1404.0,209.5,324.0,701.9,226000.0,0.02356
2024-11-03 13:00:00,95805000.0,3436000.0,1402.0,210.2,328.0,705.0,227150.0,0.02378
2024-11-03 14:00:00,95892000.0,3424000.0,1401.0,210.5,329.0,706.3,227100.0,0.02385
2024-11-03 15:00:00,95600000.0,3424000.0,1400.0,209.9,329.0,706.0,226550.0,0.02383
2024-11-03 16:00:00,95699000.0,3428000.0,1400.0,211.7,330.0,707.0,228000.0,0.02386
2024-11-03 17:00:00,95490000.0,3417000.0,1398.0,211.2,328.0,705.0,228000.0,0.02386
2024-11-03 18:00:00,95142000.0,3414000.0,1396.0,209.2,325.0,700.9,226950.0,0.02363
2024-11-03 19:00:00,95050000.0,3416000.0,1395.0,209.6,326.0,700.9,227150.0,0.02365
2024-11-03 20:00:00,95168000.0,3419000.0,1394.0,206.0,324.0,700.9,227750.0,0.02344
2024-11-03 21:00:00,95200000.0,3419000.0,1394.0,206.8,324.0,700.5,227200.0,0.02345
2024-11-03 22:00:00,94851000.0,3395000.0,1396.0,204.2,317.0,692.0,224300.0,0.023
2024-11-03 23:00:00,94128000.0,3372000.0,1393.0,201.3,315.0,689.0,221450.0,0.02273
2024-11-04 00:00:00,93905000.0,3366000.0,1391.0,198.5,313.0,686.1,220000.0,0.02259
2024-11-04 01:00:00,94895000.0,3402000.0,1394.0,202.9,317.0,692.6,222750.0,0.02296
2024-11-04 02:00:00,95204000.0,3410000.0,1396.0,203.5,319.0,696.0,222750.0,0.02309
2024-11-04 03:00:00,94700000.0,3375000.0,1397.0,201.6,315.0,691.0,221400.0,0.02285
2024-11-04 04:00:00,95116000.0,3394000.0,1397.0,202.0,316.0,692.7,222150.0,0.02293
2024-11-04 05:00:00,95717000.0,3425000.0,1398.0,207.6,321.0,700.4,224800.0,0.02336
2024-11-04 06:00:00,96534000.0,3451000.0,1399.0,210.3,324.0,704.0,227650.0,0.02364
2024-11-04 07:00:00,96015000.0,3430000.0,1396.0,209.6,325.0,701.5,226650.0,0.02347
2024-11-04 08:00:00,95550000.0,3412000.0,1394.0,209.3,323.0,699.9,225550.0,0.02338
2024-11-04 09:00:00,94801000.0,3386000.0,1390.0,206.0,319.0,695.9,222850.0,0.02313
2024-11-04 10:00:00,95337000.0,3402000.0,1389.0,207.5,321.0,699.2,224100.0,0.02327
2024-11-04 11:00:00,95999000.0,3430000.0,1393.0,210.8,324.0,704.6,226550.0,0.02358
2024-11-04 12:00:00,96000000.0,3443000.0,1391.0,210.5,326.0,705.7,226250.0,0.02343
2024-11-04 13:00:00,96011000.0,3437000.0,1390.0,210.7,325.0,704.7,226400.0,0.02345
2024-11-04 14:00:00,95400000.0,3412000.0,1388.0,207.3,321.0,699.6,223800.0,0.02321
2024-11-04 15:00:00,95534000.0,3418000.0,1387.0,207.9,322.0,700.3,224200.0,0.02324
2024-11-04 16:00:00,95000000.0,3412000.0,1388.0,209.1,321.0,700.3,224000.0,0.02324
2024-11-04 17:00:00,95036000.0,3401000.0,1388.0,207.7,319.0,701.0,222100.0,0.02308
2024-11-04 18:00:00,95100000.0,3399000.0,1388.0,208.8,319.0,703.3,222750.0,0.02308
2024-11-04 19:00:00,95215000.0,3409000.0,1387.0,210.3,321.0,708.9,224350.0,0.02319
2024-11-04 20:00:00,95450000.0,3424000.0,1388.0,215.7,322.0,710.5,226450.0,0.02352
2024-11-04 21:00:00,95544000.0,3428000.0,1388.0,217.5,324.0,708.6,227200.0,0.02364
2024-11-04 22:00:00,95305000.0,3406000.0,1388.0,216.7,323.0,708.3,226600.0,0.02356
2024-11-04 23:00:00,94850000.0,3402000.0,1388.0,214.7,321.0,706.1,225150.0,0.02341
2024-11-05 00:00:00,94876000.0,3383000.0,1389.0,215.5,321.0,707.5,224700.0,0.02344
2024-11-05 01:00:00,94255000.0,3356000.0,1389.0,215.7,317.0,707.4,222700.0,0.0233
2024-11-05 02:00:00,93880000.0,3355000.0,1391.0,215.4,317.0,706.4,222600.0,0.02326
2024-11-05 03:00:00,94154000.0,3372000.0,1392.0,216.4,318.0,708.1,221550.0,0.02335
2024-11-05 04:00:00,94250000.0,3377000.0,1392.0,218.2,320.0,706.5,221650.0,0.02338
2024-11-05 05:00:00,93802000.0,3371000.0,1392.0,218.0,318.0,703.0,220400.0,0.02345
2024-11-05 06:00:00,93083000.0,3290000.0,1392.0,211.1,312.0,690.9,215950.0,0.02285
2024-11-05 07:00:00,93393000.0,3298000.0,1389.0,211.3,312.0,692.0,216050.0,0.02286
2024-11-05 08:00:00,94005000.0,3325000.0,1389.0,217.5,315.0,697.4,218500.0,0.02323
2024-11-05 09:00:00,94189000.0,3332000.0,1389.0,219.4,316.0,698.6,219350.0,0.02344
2024-11-05 10:00:00,93958000.0,3316000.0,1391.0,223.0,315.0,699.5,218100.0,0.02366
2024-11-05 11:00:00,94400000.0,3339000.0,1390.0,224.0,317.0,701.2,219900.0,0.0239
2024-11-05 12:00:00,94407000.0,3348000.0,1390.0,224.2,318.0,702.1,220100.0,0.02397
2024-11-05 13:00:00,94933000.0,3364000.0,1390.0,224.7,320.0,702.5,221950.0,0.02402
2024-11-05 14:00:00,94980000.0,3371000.0,1390.0,225.4,321.0,705.8,222400.0,0.02405
2024-11-05 15:00:00,95600000.0,3380000.0,1392.0,229.8,321.0,708.0,223100.0,0.02421
2024-11-05 16:00:00,95568000.0,3380000.0,1393.0,232.3,321.0,712.1,224150.0,0.02427
2024-11-05 17:00:00,95987000.0,3397000.0,1394.0,233.4,321.0,713.5,225700.0,0.02446
2024-11-05 18:00:00,95845000.0,3396000.0,1393.0,233.4,322.0,712.6,225500.0,0.0245
2024-11-05 19:00:00,95500000.0,3383000.0,1391.0,230.8,321.0,710.1,223950.0,0.0244
2024-11-05 20:00:00,95700000.0,3389000.0,1391.0,234.9,321.0,709.5,225050.0,0.02454
2024-11-05 21:00:00,95747000.0,3395000.0,1392.0,235.6,321.0,707.5,225500.0,0.02475
2024-11-05 22:00:00,95655000.0,3394000.0,1393.0,235.1,324.0,705.4,226950.0,0.02475
2024-11-05 23:00:00,95870000.0,3400000.0,1390.0,237.3,324.0,707.5,227650.0,0.02489
2024-11-06 00:00:00,96281000.0,3382000.0,1390.0,240.8,327.0,707.1,229100.0,0.02509
2024-11-06 01:00:00,96823000.0,3397000.0,1390.0,242.7,328.0,709.7,230800.0,0.02515
2024-11-06 02:00:00,97205000.0,3410000.0,1389.0,243.7,330.0,712.8,231900.0,0.02526
2024-11-06 03:00:00,97000000.0,3405000.0,1389.0,241.4,329.0,712.6,230900.0,0.02519
2024-11-06 04:00:00,95940000.0,3350000.0,1390.0,231.1,327.0,706.7,228000.0,0.02448
2024-11-06 05:00:00,95934000.0,3350000.0,1391.0,230.4,326.0,706.6,227950.0,0.02447
2024-11-06 06:00:00,96001000.0,3350000.0,1389.0,232.0,328.0,709.5,229200.0,0.0245
2024-11-06 07:00:00,95503000.0,3340000.0,1388.0,229.2,326.0,706.9,228100.0,0.02429
2024-11-06 08:00:00,96096000.0,3361000.0,1388.0,235.1,328.0,710.9,230700.0,0.02468
2024-11-06 09:00:00,96104000.0,3359000.0,1387.0,234.6,328.0,711.7,230900.0,0.02477
2024-11-06 10:00:00,97750000.0,3425000.0,1385.0,247.2,334.0,717.5,237300.0,0.02521
2024-11-06 11:00:00,98234000.0,3432000.0,1383.0,248.3,334.0,719.0,238650.0,0.02518
2024-11-06 12:00:00,101300000.0,3556000.0,1382.0,275.5,342.0,732.0,248300.0,0.02626
2024-11-06 13:00:00,102014000.0,3555000.0,1382.0,282.6,345.0,733.3,252250.0,0.0264
2024-11-06 14:00:00,101698000.0,3540000.0,1380.0,275.4,343.0,730.9,252900.0,0.02596
2024-11-06 15:00:00,102637000.0,3570000.0,1379.0,281.6,347.0,736.0,255250.0,0.0263
2024-11-06 16:00:00,99400000.0,3505000.0,1371.0,268.8,340.0,726.8,247600.0,0.02513
2024-11-06 17:00:00,99371000.0,3507000.0,1367.0,255.0,335.0,719.5,245750.0,0.02481
2024-11-06 18:00:00,101351000.0,3593000.0,1379.0,269.3,344.0,733.0,252750.0,0.02562
2024-11-06 19:00:00,100951000.0,3594000.0,1378.0,270.1,345.0,731.5,253200.0,0.02574
2024-11-06 20:00:00,101589000.0,3606000.0,1379.0,276.5,346.0,736.5,254450.0,0.02595
2024-11-06 21:00:00,102210000.0,3628000.0,1380.0,272.1,346.0,734.8,256450.0,0.02605
2024-11-06 22:00:00,101401000.0,3600000.0,1379.0,271.2,344.0,730.1,255500.0,0.0258
2024-11-06 23:00:00,101500000.0,3600000.0,1379.0,265.0,343.0,729.0,254950.0,0.02539
2024-11-07 00:00:00,101627000.0,3605000.0,1380.0,262.0,344.0,729.2,254750.0,0.02533
2024-11-07 01:00:00,102300000.0,3633000.0,1380.0,259.3,344.0,731.9,255050.0,0.02521
2024-11-07 02:00:00,102363000.0,3649000.0,1378.0,261.4,344.0,733.8,255200.0,0.02541
2024-11-07 03:00:00,102602000.0,3657000.0,1373.0,265.1,345.0,734.3,255800.0,0.02552
2024-11-07 04:00:00,102871000.0,3651000.0,1372.0,264.1,344.0,733.0,256350.0,0.0256
2024-11-07 05:00:00,103469000.0,3660000.0,1371.0,265.5,344.0,734.6,256150.0,0.02569
2024-11-07 06:00:00,103880000.0,3675000.0,1371.0,266.4,346.0,740.5,255800.0,0.02581
2024-11-07 07:00:00,103880000.0,3687000.0,1372.0,270.3,348.0,744.5,259000.0,0.02601
2024-11-07 08:00:00,103862000.0,3736000.0,1374.0,270.4,351.0,746.0,257400.0,0.0262
2024-11-07 09:00:00,102962000.0,3701000.0,1372.0,264.4,350.0,738.2,254850.0,0.0258
2024-11-07 10:00:00,103286000.0,3742000.0,1373.0,267.6,352.0,740.8,256500.0,0.02586
2024-11-07 11:00:00,103545000.0,3875000.0,1377.0,272.8,357.0,750.3,261000.0,0.02649
2024-11-07 12:00:00,103183000.0,3911000.0,1376.0,267.8,356.0,760.5,259400.0,0.02607
2024-11-07 13:00:00,102300000.0,3874000.0,1372.0,263.5,350.0,761.7,258300.0,0.0257
2024-11-07 14:00:00,102640000.0,3890000.0,1375.0,264.7,352.0,763.1,258350.0,0.02576
2024-11-07 15:00:00,102290000.0,3815000.0,1374.0,258.7,348.0,756.1,255450.0,0.02512
2024-11-07 16:00:00,102521000.0,3842000.0,1373.0,261.9,351.0,761.0,256650.0,0.02534
2024-11-07 17:00:00,102901000.0,3874000.0,1378.0,263.1,352.0,763.4,259000.0,0.02574
2024-11-07 18:00:00,103264000.0,3891000.0,1380.0,264.1,352.0,760.3,258950.0,0.0258
2024-11-07 19:00:00,103101000.0,3873000.0,1381.0,262.7,351.0,756.4,258000.0,0.02571
2024-11-07 20:00:00,103295000.0,3858000.0,1382.0,263.6,351.0,756.7,257400.0,0.02571
2024-11-07 21:00:00,103309000.0,3856000.0,1383.0,263.5,352.0,756.9,257300.0,0.02571
2024-11-07 22:00:00,102850000.0,3863000.0,1379.0,256.9,350.0,750.0,256350.0,0.02539
2024-11-07 23:00:00,102864000.0,3832000.0,1378.0,256.7,349.0,746.0,256200.0,0.02539
2024-11-08 00:00:00,103000000.0,3833000.0,1374.0,259.7,350.0,748.4,258300.0,0.02555
2024-11-08 01:00:00,103865000.0,3884000.0,1373.0,264.2,351.0,754.3,262150.0,0.02576
2024-11-08 02:00:00,104100000.0,3895000.0,1372.0,264.5,352.0,756.1,264800.0,0.02585
2024-11-08 03:00:00,104085000.0,3892000.0,1369.0,263.8,352.0,756.3,266900.0,0.02571
2024-11-08 04:00:00,104149000.0,3913000.0,1369.0,261.0,351.0,757.7,266450.0,0.02571
2024-11-08 05:00:00,104501000.0,3940000.0,1368.0,262.7,352.0,759.7,267900.0,0.02583
2024-11-08 06:00:00,103851000.0,3951000.0,1369.0,263.1,355.0,759.1,268550.0,0.02598
2024-11-08 07:00:00,103546000.0,3926000.0,1370.0,261.6,351.0,755.2,266650.0,0.02581
2024-11-08 08:00:00,104081000.0,3950000.0,1373.0,261.8,353.0,759.9,267400.0,0.02585
2024-11-08 09:00:00,104109000.0,3980000.0,1372.0,265.4,354.0,761.8,269700.0,0.0263
2024-11-08 10:00:00,104555000.0,4001000.0,1376.0,265.0,354.0,762.0,273000.0,0.02604
2024-11-08 11:00:00,104422000.0,3991000.0,1378.0,264.1,349.0,757.7,270500.0,0.02595
2024-11-08 12:00:00,104524000.0,3990000.0,1380.0,264.0,349.0,757.0,270500.0,0.02587
2024-11-08 13:00:00,104755000.0,4008000.0,1381.0,268.0,350.0,759.3,273050.0,0.02602
2024-11-08 14:00:00,104725000.0,4008000.0,1379.0,269.3,351.0,759.4,273150.0,0.0261
2024-11-08 15:00:00,104665000.0,4006000.0,1379.0,271.9,351.0,758.1,273300.0,0.02623
2024-11-08 16:00:00,104600000.0,4000000.0,1379.0,274.1,350.0,756.0,272600.0,0.02635
2024-11-08 17:00:00,104630000.0,4000000.0,1379.0,271.0,349.0,754.6,273900.0,0.02613
2024-11-08 18:00:00,104625000.0,4000000.0,1380.0,270.8,348.0,756.2,274550.0,0.02614
2024-11-08 19:00:00,104806000.0,4015000.0,1381.0,270.0,352.0,757.0,277700.0,0.0261
2024-11-08 20:00:00,105378000.0,4037000.0,1383.0,272.3,355.0,761.5,282000.0,0.02622
2024-11-08 21:00:00,105500000.0,4043000.0,1386.0,272.9,358.0,762.5,280850.0,0.02625
2024-11-08 22:00:00,105390000.0,4065000.0,1386.0,272.9,361.0,764.0,281050.0,0.02633
2024-11-08 23:00:00,105001000.0,4044000.0,1385.0,270.5,359.0,764.0,277400.0,0.02608
2024-11-09 00:00:00,105125000.0,4036000.0,1388.0,268.7,359.0,763.9,275600.0,0.02595
2024-11-09 01:00:00,105690000.0,4051000.0,1390.0,268.6,359.0,762.0,275050.0,0.02597
2024-11-09 02:00:00,105840000.0,4041000.0,1393.0,266.2,357.0,756.2,274450.0,0.02575
2024-11-09 03:00:00,106402000.0,4060000.0,1391.0,268.5,360.0,760.6,276550.0,0.02591
2024-11-09 04:00:00,106962000.0,4112000.0,1391.0,271.8,363.0,763.9,278150.0,0.02613
2024-11-09 05:00:00,106710000.0,4086000.0,1394.0,272.3,362.0,764.7,276200.0,0.02615
2024-11-09 06:00:00,106608000.0,4070000.0,1394.0,274.1,363.0,763.3,275350.0,0.02626
2024-11-09 07:00:00,106350000.0,4099000.0,1391.0,280.4,365.0,767.7,276250.0,0.0265
2024-11-09 08:00:00,106350000.0,4116000.0,1392.0,279.3,366.0,768.7,276300.0,0.02641
2024-11-09 09:00:00,106400000.0,4111000.0,1393.0,280.3,365.0,767.1,276300.0,0.02625
2024-11-09 10:00:00,106020000.0,4130000.0,1390.0,276.1,360.0,762.4,276300.0,0.02591
2024-11-09 11:00:00,106149000.0,4140000.0,1394.0,275.7,360.0,763.1,275550.0,0.02586
2024-11-09 12:00:00,106528000.0,4137000.0,1395.0,276.7,360.0,762.5,277200.0,0.02597
2024-11-09 13:00:00,106603000.0,4132000.0,1397.0,277.8,361.0,763.5,277900.0,0.026
2024-11-09 14:00:00,106718000.0,4146000.0,1395.0,279.6,362.0,764.2,278850.0,0.02614
2024-11-09 15:00:00,106355000.0,4211000.0,1391.0,281.4,363.0,765.8,278950.0,0.02622
2024-11-09 16:00:00,106363000.0,4200000.0,1390.0,283.0,363.0,766.7,278000.0,0.02627
2024-11-09 17:00:00,106350000.0,4200000.0,1389.0,287.8,363.0,767.5,278200.0,0.02656
2024-11-09 18:00:00,106380000.0,4203000.0,1388.0,290.3,365.0,768.3,279300.0,0.02689
2024-11-09 19:00:00,106350000.0,4226000.0,1389.0,288.6,365.0,766.7,280150.0,0.02674
2024-11-09 20:00:00,106375000.0,4238000.0,1391.0,288.4,368.0,767.5,280250.0,0.02687
2024-11-09 21:00:00,106063000.0,4214000.0,1391.0,283.7,366.0,763.5,278200.0,0.02659
2024-11-09 22:00:00,105960000.0,4213000.0,1391.0,284.5,366.0,763.4,278150.0,0.02668
2024-11-09 23:00:00,106309000.0,4225000.0,1393.0,283.4,365.0,761.3,275850.0,0.02666
2024-11-10 00:00:00,106426000.0,4229000.0,1395.0,284.1,365.0,761.8,275900.0,0.02665
2024-11-10 01:00:00,106195000.0,4220000.0,1394.0,284.3,366.0,762.7,274600.0,0.0266
2024-11-10 02:00:00,105873000.0,4175000.0,1395.0,281.0,362.0,760.2,272500.0,0.02633
2024-11-10 03:00:00,106286000.0,4228000.0,1393.0,288.4,365.0,765.5,276250.0,0.02662
2024-11-10 04:00:00,106050000.0,4242000.0,1392.0,288.9,366.0,765.0,275100.0,0.02675
2024-11-10 05:00:00,106155000.0,4270000.0,1392.0,289.4,366.0,765.4,275200.0,0.02674
2024-11-10 06:00:00,106153000.0,4268000.0,1389.0,290.7,368.0,766.1,275300.0,0.02702
2024-11-10 07:00:00,106021000.0,4267000.0,1387.0,296.2,370.0,765.8,275350.0,0.02735
2024-11-10 08:00:00,106102000.0,4328000.0,1385.0,296.5,374.0,769.4,277100.0,0.02775
2024-11-10 09:00:00,106050000.0,4307000.0,1386.0,299.6,377.0,770.6,275600.0,0.02784
2024-11-10 10:00:00,106550000.0,4313000.0,1389.0,310.2,376.0,775.5,276100.0,0.02951
2024-11-10 11:00:00,106656000.0,4338000.0,1388.0,310.8,380.0,791.0,278500.0,0.03063
2024-11-10 12:00:00,106920000.0,4340000.0,1387.0,310.7,380.0,790.0,279500.0,0.0308
2024-11-10 13:00:00,107130000.0,4348000.0,1384.0,313.0,384.0,792.1,279050.0,0.0309
2024-11-10 14:00:00,109138000.0,4391000.0,1384.0,311.8,387.0,795.9,282900.0,0.03099
2024-11-10 15:00:00,109210000.0,4393000.0,1386.0,311.9,389.0,803.1,284000.0,0.03064
2024-11-10 16:00:00,109325000.0,4412000.0,1387.0,313.4,391.0,805.4,284450.0,0.0308
2024-11-10 17:00:00,109425000.0,4409000.0,1386.0,314.3,393.0,808.4,284000.0,0.03113
2024-11-10 18:00:00,109901000.0,4419000.0,1386.0,317.2,395.0,808.9,284350.0,0.03117
2024-11-10 19:00:00,109714000.0,4418000.0,1384.0,324.1,395.0,809.0,283950.0,0.03141
2024-11-10 20:00:00,110022000.0,4428000.0,1384.0,328.9,396.0,808.0,284000.0,0.03188
2024-11-10 21:00:00,109800000.0,4401000.0,1384.0,332.4,394.0,808.5,282200.0,0.03197
2024-11-10 22:00:00,110164000.0,4418000.0,1384.0,338.0,401.0,837.4,284050.0,0.0331
2024-11-10 23:00:00,109133000.0,4340000.0,1377.0,326.1,394.0,818.6,280650.0,0.03417
2024-11-11 00:00:00,109391000.0,4388000.0,1378.0,329.6,397.0,823.8,283050.0,0.03466
2024-11-11 01:00:00,109740000.0,4406000.0,1376.0,337.8,403.0,826.0,288650.0,0.0349
2024-11-11 02:00:00,109792000.0,4411000.0,1375.0,359.0,405.0,831.3,290000.0,0.03651
2024-11-11 03:00:00,110196000.0,4401000.0,1371.0,369.0,403.0,830.6,290300.0,0.03621
2024-11-11 04:00:00,109627000.0,4355000.0,1370.0,365.7,397.0,819.8,285000.0,0.03502
2024-11-11 05:00:00,109500000.0,4315000.0,1380.0,357.4,391.0,805.2,281000.0,0.03366
2024-11-11 06:00:00,108715000.0,4239000.0,1382.0,343.5,381.0,779.3,276350.0,0.03204
2024-11-11 07:00:00,110630000.0,4360000.0,1380.0,370.5,393.0,809.0,286700.0,0.03494
2024-11-11 08:00:00,111034000.0,4396000.0,1384.0,376.2,397.0,813.5,289400.0,0.03549
2024-11-11 09:00:00,111273000.0,4402000.0,1385.0,381.6,399.0,812.1,290150.0,0.03558
2024-11-11 10:00:00,111979000.0,4434000.0,1391.0,400.0,407.0,819.7,291500.0,0.03682
2024-11-11 11:00:00,113300000.0,4455000.0,1395.0,407.0,414.0,824.5,292850.0,0.03705
2024-11-11 12:00:00,113000000.0,4427000.0,1395.0,400.0,418.0,825.0,290500.0,0.03675
2024-11-11 13:00:00,113666000.0,4427000.0,1398.0,405.5,415.0,822.1,289150.0,0.03616
2024-11-11 14:00:00,111590000.0,4304000.0,1389.0,378.3,394.0,793.0,283300.0,0.03385
2024-11-11 15:00:00,112012000.0,4339000.0,1389.0,385.7,397.0,796.8,285500.0,0.03434
2024-11-11 16:00:00,112800000.0,4368000.0,1397.0,387.3,400.0,800.8,288500.0,0.03461
2024-11-11 17:00:00,113524000.0,4385000.0,1399.0,394.1,403.0,807.7,289000.0,0.035
2024-11-11 18:00:00,113847000.0,4405000.0,1401.0,387.8,404.0,811.2,291550.0,0.0348
2024-11-11 19:00:00,114300000.0,4446000.0,1397.0,394.7,406.0,816.0,295400.0,0.03532
2024-11-11 20:00:00,114650000.0,4452000.0,1398.0,401.5,408.0,817.3,300550.0,0.03611
2024-11-11 21:00:00,114500000.0,4413000.0,1397.0,399.0,406.0,813.0,301500.0,0.03569
2024-11-11 22:00:00,114500000.0,4410000.0,1401.0,399.0,404.0,810.9,301000.0,0.03543
2024-11-11 23:00:00,114600000.0,4417000.0,1400.0,400.0,403.0,810.1,303700.0,0.03526
2024-11-12 00:00:00,115242000.0,4440000.0,1391.0,404.4,405.0,814.1,303250.0,0.03582
2024-11-12 01:00:00,117029000.0,4504000.0,1392.0,430.6,406.0,821.9,302900.0,0.03818
2024-11-12 02:00:00,117451000.0,4571000.0,1391.0,445.4,411.0,822.2,303150.0,0.0385
2024-11-12 03:00:00,117511000.0,4559000.0,1391.0,435.9,411.0,821.1,302300.0,0.03765
2024-11-12 04:00:00,119176000.0,4590000.0,1390.0,440.7,412.0,824.8,301300.0,0.0378
2024-11-12 05:00:00,119940000.0,4586000.0,1389.0,440.8,413.0,832.9,302500.0,0.03782
2024-11-12 06:00:00,120530000.0,4623000.0,1390.0,443.4,414.0,851.8,303000.0,0.03792
2024-11-12 07:00:00,120671000.0,4573000.0,1396.0,448.0,409.0,847.6,302500.0,0.0373
2024-11-12 08:00:00,122999000.0,4669000.0,1397.0,458.2,420.0,861.2,307300.0,0.0383
2024-11-12 09:00:00,120483000.0,4511000.0,1394.0,456.5,410.0,830.0,299000.0,0.03648
2024-11-12 10:00:00,124690000.0,4652000.0,1408.0,500.0,422.0,847.2,307050.0,0.03785
2024-11-12 11:00:00,122104000.0,4602000.0,1402.0,480.5,421.0,841.5,302350.0,0.03697
2024-11-12 12:00:00,123148000.0,4627000.0,1408.0,492.3,426.0,846.0,304550.0,0.03728
2024-11-12 13:00:00,123750000.0,4677000.0,1408.0,506.9,432.0,849.8,308350.0,0.03803
2024-11-12 14:00:00,124630000.0,4691000.0,1410.0,550.0,431.0,847.7,306500.0,0.03966
2024-11-12 15:00:00,125100000.0,4714000.0,1418.0,560.0,438.0,851.6,308800.0,0.0405
2024-11-12 16:00:00,126655000.0,4765000.0,1422.0,570.5,441.0,862.7,311250.0,0.04076
2024-11-12 17:00:00,126550000.0,4791000.0,1422.0,580.7,445.0,876.5,313800.0,0.04072
2024-11-12 18:00:00,125545000.0,4800000.0,1422.0,584.3,438.0,930.4,309650.0,0.03946
2024-11-12 19:00:00,118864000.0,4500000.0,1412.0,491.0,401.0,852.5,291600.0,0.03455
2024-11-12 20:00:00,122220000.0,4622000.0,1420.0,535.0,416.0,888.1,300000.0,0.03677
2024-11-12 21:00:00,122627000.0,4585000.0,1424.0,517.6,411.0,906.1,295350.0,0.03609
2024-11-12 22:00:00,120295000.0,4541000.0,1420.0,485.1,404.0,884.0,290250.0,0.03455
2024-11-12 23:00:00,121033000.0,4591000.0,1422.0,500.9,409.0,907.0,294300.0,0.0356
2024-11-13 00:00:00,122575000.0,4630000.0,1421.0,518.8,411.0,937.1,298850.0,0.0361
2024-11-13 01:00:00,122165000.0,4579000.0,1422.0,501.8,403.0,943.6,295100.0,0.03503
2024-11-13 02:00:00,123569000.0,4598000.0,1422.0,515.3,409.0,965.3,298350.0,0.03602
2024-11-13 03:00:00,123768000.0,4597000.0,1417.0,528.0,412.0,964.5,298400.0,0.03654
2024-11-13 04:00:00,125616000.0,4646000.0,1417.0,540.0,419.0,965.0,302250.0,0.03722
2024-11-13 05:00:00,125820000.0,4620000.0,1415.0,531.0,416.0,982.3,300050.0,0.03692
2024-11-13 06:00:00,125128000.0,4623000.0,1417.0,522.2,416.0,996.5,298900.0,0.03671
2024-11-13 07:00:00,124557000.0,4625000.0,1420.0,530.3,423.0,1004.0,301150.0,0.0371
2024-11-13 08:00:00,124640000.0,4610000.0,1422.0,538.0,426.0,999.9,300500.0,0.0375
2024-11-13 09:00:00,124800000.0,4600000.0,1422.0,523.6,426.0,999.6,300500.0,0.037
2024-11-13 10:00:00,125590000.0,4625000.0,1428.0,544.6,419.0,985.7,298000.0,0.03671
2024-11-13 11:00:00,125001000.0,4604000.0,1432.0,540.1,413.0,978.0,293700.0,0.0357
2024-11-13 12:00:00,124884000.0,4600000.0,1431.0,534.1,409.0,957.5,291550.0,0.035
2024-11-13 13:00:00,122800000.0,4470000.0,1427.0,502.4,398.0,922.8,285850.0,0.03327
2024-11-13 14:00:00,122771000.0,4449000.0,1422.0,510.9,399.0,916.2,289900.0,0.0339
2024-11-13 15:00:00,122894000.0,4443000.0,1420.0,510.0,392.0,916.0,287650.0,0.03344
2024-11-13 16:00:00,123200000.0,4444000.0,1424.0,517.3,396.0,923.5,287150.0,0.03386
2024-11-13 17:00:00,124399000.0,4494000.0,1428.0,533.8,397.0,939.1,291300.0,0.03421
2024-11-13 18:00:00,124167000.0,4477000.0,1426.0,526.4,394.0,931.0,292450.0,0.03361
2024-11-13 19:00:00,124000000.0,4473000.0,1423.0,533.0,394.0,934.5,292800.0,0.03407
2024-11-13 20:00:00,124353000.0,4497000.0,1421.0,545.0,397.0,947.0,294100.0,0.03452
2024-11-13 21:00:00,124409000.0,4482000.0,1420.0,540.0,396.0,944.3,293000.0,0.03412
2024-11-13 22:00:00,124393000.0,4479000.0,1417.0,545.1,397.0,948.2,293050.0,0.0344
2024-11-13 23:00:00,125672000.0,4533000.0,1407.0,555.4,406.0,982.4,297700.0,0.03596
2024-11-14 00:00:00,127100000.0,4581000.0,1403.0,570.0,411.0,978.2,297400.0,0.03655
2024-11-14 01:00:00,128720000.0,4591000.0,1404.0,573.2,413.0,988.5,299150.0,0.03675
2024-11-14 02:00:00,129125000.0,4591000.0,1404.0,564.1,412.0,997.0,303600.0,0.0367
2024-11-14 03:00:00,129529000.0,4585000.0,1405.0,555.5,413.0,991.6,304850.0,0.03712
2024-11-14 04:00:00,127580000.0,4482000.0,1406.0,541.5,399.0,964.0,298750.0,0.0352
2024-11-14 05:00:00,127181000.0,4455000.0,1416.0,537.8,395.0,959.0,296750.0,0.03497
2024-11-14 06:00:00,125500000.0,4450000.0,1421.0,531.2,392.0,955.2,293850.0,0.03482
2024-11-14 07:00:00,125737000.0,4466000.0,1419.0,540.3,395.0,967.0,297850.0,0.03542
2024-11-14 08:00:00,127100000.0,4503000.0,1415.0,550.0,397.0,975.2,301350.0,0.03585
2024-11-14 09:00:00,127300000.0,4507000.0,1417.0,551.1,397.0,968.5,302500.0,0.03603
2024-11-14 10:00:00,127382000.0,4500000.0,1419.0,552.3,395.0,970.0,301750.0,0.03578
2024-11-14 11:00:00,127500000.0,4514000.0,1419.0,540.9,392.0,980.0,302300.0,0.0358
2024-11-14 12:00:00,127760000.0,4530000.0,1425.0,543.2,391.0,984.0,303200.0,0.0353
2024-11-14 13:00:00,127600000.0,4566000.0,1424.0,547.0,399.0,988.7,309150.0,0.03588
2024-11-14 14:00:00,127777000.0,4577000.0,1423.0,555.7,404.0,988.4,309600.0,0.03667
2024-11-14 15:00:00,127500000.0,4540000.0,1421.0,554.7,405.0,980.0,307500.0,0.03674
2024-11-14 16:00:00,127267000.0,4530000.0,1422.0,550.0,403.0,975.6,306600.0,0.03613
2024-11-14 17:00:00,128567000.0,4542000.0,1420.0,561.8,405.0,991.2,309250.0,0.03629
2024-11-14 18:00:00,128299000.0,4538000.0,1418.0,564.0,404.0,992.6,311500.0,0.03646
2024-11-14 19:00:00,129077000.0,4525000.0,1418.0,567.1,400.0,1003.0,309000.0,0.0365
2024-11-14 20:00:00,129023000.0,4504000.0,1421.0,557.4,395.0,996.4,305100.0,0.03572
2024-11-14 21:00:00,129790000.0,4527000.0,1423.0,557.7,397.0,1014.0,306850.0,0.03583
2024-11-14 22:00:00,129079000.0,4506000.0,1421.0,559.6,398.0,1017.0,304100.0,0.03613
2024-11-14 23:00:00,127000000.0,4444000.0,1413.0,555.4,391.0,1005.0,300150.0,0.03526
2024-11-15 00:00:00,125884000.0,4386000.0,1426.0,545.5,384.0,1001.0,299100.0,0.0349
2024-11-15 01:00:00,125435000.0,4394000.0,1422.0,546.2,385.0,1011.0,300350.0,0.0349
2024-11-15 02:00:00,125880000.0,4433000.0,1418.0,555.1,388.0,1034.0,304150.0,0.03536
2024-11-15 03:00:00,126166000.0,4433000.0,1417.0,553.3,391.0,1074.0,303300.0,0.0354
2024-11-15 04:00:00,126450000.0,4431000.0,1416.0,554.7,393.0,1082.0,303600.0,0.0354
2024-11-15 05:00:00,125000000.0,4408000.0,1417.0,548.3,393.0,1086.0,301250.0,0.03506
2024-11-15 06:00:00,124315000.0,4379000.0,1418.0,545.5,393.0,1115.0,302150.0,0.03501
2024-11-15 07:00:00,123050000.0,4336000.0,1415.0,526.4,395.0,1112.0,297000.0,0.03395
2024-11-15 08:00:00,121674000.0,4250000.0,1409.0,494.6,382.0,1063.0,290350.0,0.0321
2024-11-15 09:00:00,123370000.0,4325000.0,1416.0,514.3,385.0,1090.0,295900.0,0.03313
2024-11-15 10:00:00,124280000.0,4321000.0,1423.0,515.5,380.0,1135.0,296750.0,0.03295
2024-11-15 11:00:00,125000000.0,4345000.0,1419.0,520.8,384.0,1146.0,296400.0,0.03333
2024-11-15 12:00:00,125151000.0,4360000.0,1419.0,523.9,386.0,1155.0,296800.0,0.03355
2024-11-15 13:00:00,123670000.0,4284000.0,1419.0,503.0,379.0,1123.0,290700.0,0.0321
2024-11-15 14:00:00,124100000.0,4296000.0,1421.0,507.0,381.0,1130.0,292250.0,0.03231
2024-11-15 15:00:00,124385000.0,4320000.0,1419.0,517.7,388.0,1123.0,296000.0,0.03324
2024-11-15 16:00:00,124512000.0,4322000.0,1420.0,518.3,390.0,1113.0,296900.0,0.03334
2024-11-15 17:00:00,124233000.0,4300000.0,1418.0,513.3,386.0,1100.0,295250.0,0.03305
2024-11-15 18:00:00,124870000.0,4350000.0,1414.0,523.2,394.0,1126.0,299000.0,0.03382
2024-11-15 19:00:00,125700000.0,4369000.0,1413.0,520.3,395.0,1146.0,300200.0,0.0339
2024-11-15 20:00:00,126257000.0,4374000.0,1415.0,521.9,396.0,1148.0,300450.0,0.03391
2024-11-15 21:00:00,126863000.0,4371000.0,1414.0,525.0,397.0,1153.0,301200.0,0.03392
2024-11-15 22:00:00,126657000.0,4372000.0,1415.0,521.9,399.0,1206.0,301900.0,0.03399
2024-11-15 23:00:00,125510000.0,4322000.0,1414.0,511.0,394.0,1227.0,297800.0,0.03348
2024-11-16 00:00:00,124700000.0,4290000.0,1416.0,503.5,391.0,1222.0,294000.0,0.03286
2024-11-16 01:00:00,125700000.0,4291000.0,1418.0,506.5,393.0,1226.0,295700.0,0.03304
2024-11-16 02:00:00,126550000.0,4305000.0,1416.0,506.9,400.0,1220.0,297350.0,0.03338
2024-11-16 03:00:00,126448000.0,4285000.0,1417.0,504.4,400.0,1225.0,296700.0,0.03351
2024-11-16 04:00:00,126508000.0,4281000.0,1412.0,511.7,402.0,1248.0,298200.0,0.03382
2024-11-16 05:00:00,127575000.0,4294000.0,1408.0,520.9,405.0,1224.0,299750.0,0.03411
2024-11-16 06:00:00,128031000.0,4325000.0,1405.0,521.5,407.0,1223.0,303300.0,0.03462
2024-11-16 07:00:00,127854000.0,4332000.0,1404.0,523.8,407.0,1260.0,305700.0,0.03534
2024-11-16 08:00:00,127750000.0,4352000.0,1406.0,529.4,407.0,1246.0,306600.0,0.03564
2024-11-16 09:00:00,127750000.0,4326000.0,1407.0,524.6,407.0,1237.0,304100.0,0.03505
2024-11-16 10:00:00,128228000.0,4350000.0,1410.0,529.0,411.0,1241.0,306000.0,0.03537
2024-11-16 11:00:00,128502000.0,4363000.0,1407.0,530.0,413.0,1245.0,307350.0,0.03556
2024-11-16 12:00:00,128299000.0,4390000.0,1409.0,531.5,413.0,1255.0,308500.0,0.03552
2024-11-16 13:00:00,128300000.0,4401000.0,1408.0,526.8,413.0,1276.0,309100.0,0.0352
2024-11-16 14:00:00,128317000.0,4400000.0,1407.0,526.5,413.0,1332.0,309150.0,0.03522
2024-11-16 15:00:00,128001000.0,4375000.0,1405.0,528.5,414.0,1327.0,307000.0,0.0351
2024-11-16 16:00:00,128235000.0,4367000.0,1406.0,531.1,416.0,1348.0,307300.0,0.03562
2024-11-16 17:00:00,128148000.0,4373000.0,1404.0,530.0,420.0,1353.0,306800.0,0.03566
2024-11-16 18:00:00,127898000.0,4368000.0,1404.0,523.0,419.0,1376.0,305150.0,0.03507
2024-11-16 19:00:00,127898000.0,4371000.0,1403.0,522.9,424.0,1442.0,304950.0,0.03501
2024-11-16 20:00:00,127715000.0,4383000.0,1402.0,522.0,435.0,1418.0,304200.0,0.03488
2024-11-16 21:00:00,127500000.0,4452000.0,1404.0,518.3,463.0,1440.0,304450.0,0.03478
2024-11-16 22:00:00,126623000.0,4415000.0,1398.0,515.1,455.0,1480.0,304600.0,0.03457
2024-11-16 23:00:00,126650000.0,4406000.0,1395.0,510.2,461.0,1550.0,302650.0,0.03432
2024-11-17 00:00:00,126090000.0,4370000.0,1392.0,505.1,453.0,1492.0,299500.0,0.03359
2024-11-17 01:00:00,126428000.0,4383000.0,1399.0,509.2,453.0,1519.0,299700.0,0.03371
2024-11-17 02:00:00,126710000.0,4398000.0,1397.0,512.1,462.0,1557.0,299500.0,0.03407
2024-11-17 03:00:00,127060000.0,4423000.0,1393.0,517.6,469.0,1569.0,300700.0,0.03419
2024-11-17 04:00:00,126700000.0,4405000.0,1392.0,515.7,479.0,1610.0,301000.0,0.03421
2024-11-17 05:00:00,126500000.0,4388000.0,1393.0,510.6,484.0,1586.0,299900.0,0.03414
2024-11-17 06:00:00,126661000.0,4399000.0,1396.0,511.0,484.0,1565.0,300650.0,0.03418
2024-11-17 07:00:00,126644000.0,4390000.0,1397.0,509.4,501.0,1545.0,300000.0,0.034
2024-11-17 08:00:00,126622000.0,4387000.0,1399.0,506.5,527.0,1545.0,300000.0,0.0339
2024-11-17 09:00:00,127059000.0,4392000.0,1402.0,506.5,519.0,1523.0,302500.0,0.0342
2024-11-17 10:00:00,126548000.0,4326000.0,1405.0,500.0,500.0,1481.0,300650.0,0.0335
2024-11-17 11:00:00,125252000.0,4260000.0,1401.0,476.1,492.0,1452.0,297000.0,0.03263
2024-11-17 12:00:00,126400000.0,4305000.0,1407.0,486.7,500.0,1473.0,302800.0,0.03318
2024-11-17 13:00:00,127035000.0,4340000.0,1407.0,490.3,500.0,1431.0,311350.0,0.03368
2024-11-17 14:00:00,127011000.0,4351000.0,1406.0,490.8,500.0,1413.0,328200.0,0.0337
2024-11-17 15:00:00,126907000.0,4363000.0,1403.0,490.0,500.0,1413.0,330750.0,0.03337
2024-11-17 16:00:00,126880000.0,4379000.0,1403.0,497.4,506.0,1491.0,331650.0,0.03391
2024-11-17 17:00:00,126910000.0,4392000.0,1401.0,501.1,503.0,1476.0,332350.0,0.03423
2024-11-17 18:00:00,127490000.0,4389000.0,1400.0,510.3,505.0,1495.0,329750.0,0.03471
2024-11-17 19:00:00,127450000.0,4393000.0,1401.0,506.8,501.0,1480.0,332550.0,0.03451
2024-11-17 20:00:00,127000000.0,4351000.0,1402.0,501.7,492.0,1455.0,329100.0,0.0339
2024-11-17 21:00:00,127397000.0,4360000.0,1401.0,505.6,491.0,1456.0,325100.0,0.03393
2024-11-17 22:00:00,126650000.0,4326000.0,1400.0,504.4,496.0,1500.0,321650.0,0.03409
2024-11-17 23:00:00,126509000.0,4316000.0,1401.0,502.0,495.0,1526.0,323600.0,0.03434
2024-11-18 00:00:00,126650000.0,4320000.0,1403.0,503.0,493.0,1506.0,325950.0,0.0344
2024-11-18 01:00:00,126700000.0,4321000.0,1402.0,506.1,494.0,1505.0,326150.0,0.03504
2024-11-18 02:00:00,126531000.0,4318000.0,1400.0,510.0,492.0,1488.0,324800.0,0.03479
2024-11-18 03:00:00,126460000.0,4321000.0,1400.0,504.6,486.0,1471.0,324800.0,0.03444
2024-11-18 04:00:00,126350000.0,4325000.0,1406.0,500.1,487.0,1456.0,325800.0,0.03421
2024-11-18 05:00:00,126230000.0,4315000.0,1407.0,504.3,488.0,1457.0,329000.0,0.03497
2024-11-18 06:00:00,125600000.0,4313000.0,1408.0,501.8,482.0,1478.0,328050.0,0.03458
2024-11-18 07:00:00,125328000.0,4301000.0,1407.0,497.6,481.0,1465.0,326450.0,0.0343
2024-11-18 08:00:00,125900000.0,4300000.0,1407.0,504.2,481.0,1480.0,328750.0,0.03418
2024-11-18 09:00:00,126200000.0,4301000.0,1407.0,508.5,484.0,1484.0,329200.0,0.03425
2024-11-18 10:00:00,126601000.0,4349000.0,1400.0,509.9,489.0,1504.0,330000.0,0.03445
2024-11-18 11:00:00,126673000.0,4352000.0,1400.0,514.7,495.0,1541.0,332050.0,0.03461
2024-11-18 12:00:00,126523000.0,4339000.0,1401.0,515.1,497.0,1558.0,332500.0,0.0347
2024-11-18 13:00:00,126648000.0,4336000.0,1401.0,517.7,501.0,1563.0,337050.0,0.0348
2024-11-18 14:00:00,126636000.0,4340000.0,1399.0,515.4,501.0,1586.0,337900.0,0.03497
2024-11-18 15:00:00,126766000.0,4356000.0,1396.0,515.4,505.0,1616.0,337500.0,0.03493
2024-11-18 16:00:00,127736000.0,4369000.0,1396.0,520.5,503.0,1590.0,335000.0,0.0353
2024-11-18 17:00:00,127843000.0,4362000.0,1397.0,521.4,500.0,1604.0,334600.0,0.03531
2024-11-18 18:00:00,128150000.0,4351000.0,1398.0,519.0,496.0,1568.0,337500.0,0.03534
2024-11-18 19:00:00,128405000.0,4357000.0,1400.0,519.9,498.0,1577.0,341550.0,0.03542
2024-11-18 20:00:00,126599000.0,4298000.0,1400.0,508.1,491.0,1564.0,339650.0,0.03444
2024-11-18 21:00:00,126733000.0,4302000.0,1405.0,509.1,493.0,1565.0,339500.0,0.03435
2024-11-18 22:00:00,126133000.0,4301000.0,1406.0,505.9,490.0,1557.0,335650.0,0.03408
2024-11-18 23:00:00,126211000.0,4313000.0,1403.0,505.9,490.0,1586.0,335550.0,0.0342
2024-11-19 00:00:00,126859000.0,4330000.0,1396.0,508.1,495.0,1597.0,337500.0,0.03456
2024-11-19 01:00:00,127503000.0,4370000.0,1395.0,513.6,501.0,1573.0,334000.0,0.0346
2024-11-19 02:00:00,127210000.0,4407000.0,1396.0,515.6,503.0,1565.0,331900.0,0.0346
2024-11-19 03:00:00,126600000.0,4426000.0,1396.0,517.6,500.0,1543.0,333000.0,0.03454
2024-11-19 04:00:00,126300000.0,4350000.0,1403.0,510.2,490.0,1514.0,329800.0,0.03397
2024-11-19 05:00:00,127252000.0,4391000.0,1398.0,514.4,495.0,1523.0,331700.0,0.03413
2024-11-19 06:00:00,127441000.0,4397000.0,1396.0,519.4,496.0,1555.0,333200.0,0.03434
2024-11-19 07:00:00,127340000.0,4398000.0,1398.0,520.2,501.0,1566.0,333550.0,0.03442
2024-11-19 08:00:00,126821000.0,4399000.0,1399.0,519.0,499.0,1561.0,334000.0,0.03445
2024-11-19 09:00:00,127050000.0,4421000.0,1402.0,515.5,499.0,1560.0,334200.0,0.03445
2024-11-19 10:00:00,127395000.0,4413000.0,1402.0,519.3,500.0,1581.0,335350.0,0.03447
2024-11-19 11:00:00,127441000.0,4421000.0,1402.0,519.5,496.0,1570.0,335200.0,0.03444
2024-11-19 12:00:00,127750000.0,4410000.0,1399.0,522.2,496.0,1575.0,337000.0,0.03461
2024-11-19 13:00:00,127662000.0,4379000.0,1399.0,526.5,483.0,1542.0,334500.0,0.03482
2024-11-19 14:00:00,127800000.0,4375000.0,1399.0,538.0,485.0,1545.0,335250.0,0.03539
2024-11-19 15:00:00,128177000.0,4377000.0,1400.0,541.5,490.0,1537.0,336750.0,0.03506
2024-11-19 16:00:00,128100000.0,4362000.0,1399.0,542.5,487.0,1538.0,339200.0,0.03525
2024-11-19 17:00:00,128094000.0,4362000.0,1399.0,531.6,484.0,1517.0,340000.0,0.03493
2024-11-19 18:00:00,128033000.0,4352000.0,1401.0,535.5,482.0,1526.0,339500.0,0.03475
2024-11-19 19:00:00,128217000.0,4357000.0,1402.0,536.9,482.0,1526.0,342750.0,0.0349
2024-11-19 20:00:00,128314000.0,4371000.0,1401.0,535.8,486.0,1541.0,344150.0,0.03499
2024-11-19 21:00:00,128357000.0,4383000.0,1399.0,536.2,490.0,1542.0,342250.0,0.03502
2024-11-19 22:00:00,127801000.0,4333000.0,1399.0,540.7,482.0,1515.0,336750.0,0.03499
2024-11-19 23:00:00,127759000.0,4330000.0,1403.0,540.0,482.0,1507.0,335550.0,0.03494
2024-11-20 00:00:00,128600000.0,4343000.0,1401.0,543.0,483.0,1520.0,335600.0,0.03496
2024-11-20 01:00:00,129050000.0,4348000.0,1399.0,551.0,485.0,1523.0,336500.0,0.0352
2024-11-20 02:00:00,129304000.0,4352000.0,1397.0,555.2,484.0,1520.0,337300.0,0.03546
2024-11-20 03:00:00,129605000.0,4351000.0,1394.0,559.1,485.0,1518.0,337950.0,0.03545
2024-11-20 04:00:00,130100000.0,4363000.0,1395.0,563.5,487.0,1521.0,338250.0,0.0354
2024-11-20 05:00:00,129257000.0,4341000.0,1396.0,543.0,481.0,1536.0,335400.0,0.03465
2024-11-20 06:00:00,129085000.0,4330000.0,1402.0,541.8,479.0,1512.0,330650.0,0.03452
2024-11-20 07:00:00,128808000.0,4328000.0,1405.0,535.2,477.0,1515.0,329800.0,0.03439
2024-11-20 08:00:00,129100000.0,4350000.0,1405.0,542.0,481.0,1534.0,331200.0,0.03459
2024-11-20 09:00:00,129223000.0,4344000.0,1404.0,540.2,480.0,1543.0,331300.0,0.0343
2024-11-20 10:00:00,128901000.0,4344000.0,1403.0,535.0,476.0,1523.0,329650.0,0.03408
2024-11-20 11:00:00,128780000.0,4333000.0,1403.0,537.0,466.0,1534.0,327100.0,0.03405
2024-11-20 12:00:00,128448000.0,4300000.0,1404.0,525.8,460.0,1484.0,322800.0,0.03316
2024-11-20 13:00:00,128800000.0,4327000.0,1403.0,533.8,466.0,1499.0,325000.0,0.03372
2024-11-20 14:00:00,129100000.0,4337000.0,1403.0,538.2,470.0,1503.0,326750.0,0.0338
2024-11-20 15:00:00,129497000.0,4344000.0,1402.0,541.5,472.0,1518.0,328500.0,0.034
2024-11-20 16:00:00,129400000.0,4345000.0,1402.0,541.3,471.0,1516.0,328400.0,0.03406
2024-11-20 17:00:00,129963000.0,4353000.0,1401.0,545.1,473.0,1512.0,330300.0,0.03419
2024-11-20 18:00:00,130415000.0,4369000.0,1401.0,546.2,476.0,1529.0,332100.0,0.0343
2024-11-20 19:00:00,130488000.0,4356000.0,1401.0,546.0,478.0,1537.0,331350.0,0.03413
2024-11-20 20:00:00,130063000.0,4328000.0,1401.0,538.4,471.0,1553.0,329050.0,0.03382
2024-11-20 21:00:00,130693000.0,4327000.0,1401.0,536.0,473.0,1570.0,330750.0,0.03392
2024-11-20 22:00:00,131339000.0,4340000.0,1402.0,538.5,472.0,1560.0,330450.0,0.03396
2024-11-20 23:00:00,131460000.0,4342000.0,1399.0,544.7,477.0,1572.0,333000.0,0.03413
2024-11-21 00:00:00,131788000.0,4335000.0,1399.0,545.8,477.0,1562.0,330950.0,0.03406
2024-11-21 01:00:00,131341000.0,4333000.0,1400.0,529.0,470.0,1532.0,327700.0,0.03351
2024-11-21 02:00:00,131850000.0,4322000.0,1406.0,526.1,468.0,1525.0,327100.0,0.03347
2024-11-21 03:00:00,131761000.0,4301000.0,1409.0,524.0,463.0,1520.0,326500.0,0.03325
2024-11-21 04:00:00,131903000.0,4300000.0,1412.0,519.0,461.0,1511.0,327050.0,0.03317
2024-11-21 05:00:00,132540000.0,4301000.0,1407.0,524.4,461.0,1521.0,327600.0,0.03326
2024-11-21 06:00:00,132577000.0,4325000.0,1408.0,530.0,468.0,1536.0,331000.0,0.03378
2024-11-21 07:00:00,132512000.0,4331000.0,1408.0,531.1,470.0,1551.0,332000.0,0.03375
2024-11-21 08:00:00,132665000.0,4331000.0,1410.0,532.2,469.0,1552.0,332050.0,0.03365
2024-11-21 09:00:00,133001000.0,4332000.0,1412.0,533.7,469.0,1553.0,332000.0,0.03365
2024-11-21 10:00:00,133800000.0,4352000.0,1412.0,537.3,471.0,1565.0,334600.0,0.03385
2024-11-21 11:00:00,133700000.0,4309000.0,1414.0,524.6,458.0,1532.0,327000.0,0.03269
2024-11-21 12:00:00,133877000.0,4333000.0,1411.0,528.9,465.0,1547.0,329000.0,0.033
2024-11-21 13:00:00,135876000.0,4362000.0,1408.0,532.3,467.0,1537.0,333750.0,0.03319
2024-11-21 14:00:00,136502000.0,4360000.0,1405.0,536.3,477.0,1553.0,335450.0,0.03361
2024-11-21 15:00:00,136559000.0,4370000.0,1408.0,536.7,473.0,1557.0,333800.0,0.03377
2024-11-21 16:00:00,136577000.0,4399000.0,1407.0,540.0,475.0,1550.0,335650.0,0.03375
2024-11-21 17:00:00,135850000.0,4399000.0,1405.0,539.5,476.0,1562.0,338400.0,0.03372
2024-11-21 18:00:00,136677000.0,4395000.0,1405.0,537.0,468.0,1569.0,340050.0,0.03346
2024-11-21 19:00:00,137092000.0,4399000.0,1407.0,535.1,467.0,1574.0,338850.0,0.03337
2024-11-21 20:00:00,137584000.0,4409000.0,1407.0,536.1,469.0,1563.0,338750.0,0.03361
2024-11-21 21:00:00,136500000.0,4442000.0,1402.0,537.0,477.0,1560.0,338700.0,0.03378
2024-11-21 22:00:00,136260000.0,4589000.0,1400.0,537.0,484.0,1573.0,339000.0,0.0341
2024-11-21 23:00:00,135170000.0,4612000.0,1399.0,539.6,477.0,1564.0,339500.0,0.03419
2024-11-22 00:00:00,134348000.0,4545000.0,1398.0,531.0,470.0,1545.0,341050.0,0.03375
2024-11-22 01:00:00,135212000.0,4604000.0,1402.0,533.2,474.0,1547.0,348450.0,0.03415
2024-11-22 02:00:00,136135000.0,4646000.0,1400.0,535.1,478.0,1557.0,355100.0,0.0342
2024-11-22 03:00:00,136641000.0,4657000.0,1396.0,535.5,477.0,1567.0,356850.0,0.03415
2024-11-22 04:00:00,136800000.0,4656000.0,1394.0,537.2,475.0,1620.0,354550.0,0.03409
2024-11-22 05:00:00,136613000.0,4662000.0,1395.0,537.5,476.0,1635.0,353350.0,0.03425
2024-11-22 06:00:00,136504000.0,4669000.0,1397.0,536.0,476.0,1631.0,353750.0,0.03424
2024-11-22 07:00:00,136857000.0,4673000.0,1398.0,537.4,480.0,1666.0,354200.0,0.03427
2024-11-22 08:00:00,137050000.0,4680000.0,1397.0,538.3,481.0,1678.0,356450.0,0.0345
2024-11-22 09:00:00,137030000.0,4636000.0,1397.0,537.2,480.0,1741.0,356850.0,0.0342
2024-11-22 10:00:00,136900000.0,4625000.0,1400.0,534.0,480.0,1795.0,353400.0,0.03402
2024-11-22 11:00:00,137250000.0,4643000.0,1399.0,537.0,487.0,1871.0,358250.0,0.03422
2024-11-22 12:00:00,137583000.0,4649000.0,1397.0,545.6,492.0,1900.0,360050.0,0.03464
2024-11-22 13:00:00,137482000.0,4687000.0,1394.0,546.5,491.0,1923.0,363050.0,0.03471
2024-11-22 14:00:00,137550000.0,4709000.0,1395.0,549.5,494.0,1922.0,362600.0,0.03477
2024-11-22 15:00:00,137680000.0,4691000.0,1395.0,546.9,493.0,1941.0,360400.0,0.03453
2024-11-22 16:00:00,137951000.0,4700000.0,1398.0,547.0,490.0,1907.0,362250.0,0.03438
2024-11-22 17:00:00,138120000.0,4700000.0,1398.0,547.5,490.0,1910.0,361650.0,0.03438
2024-11-22 18:00:00,137719000.0,4697000.0,1398.0,544.6,493.0,1931.0,361400.0,0.03462
2024-11-22 19:00:00,137744000.0,4657000.0,1400.0,541.3,490.0,1934.0,360100.0,0.0344
2024-11-22 20:00:00,137738000.0,4648000.0,1395.0,541.5,488.0,1956.0,359100.0,0.03441
2024-11-22 21:00:00,137455000.0,4650000.0,1395.0,547.0,493.0,2021.0,360350.0,0.03468
2024-11-22 22:00:00,129500000.0,4350000.0,1379.0,520.0,456.0,1790.0,335000.0,0.03251
2024-11-22 23:00:00,135001000.0,4545000.0,1389.0,547.5,477.0,1951.0,351300.0,0.03388
2024-11-23 00:00:00,134958000.0,4558000.0,1388.0,547.8,481.0,1983.0,351600.0,0.03393
2024-11-23 01:00:00,136670000.0,4580000.0,1386.0,553.0,491.0,1992.0,353550.0,0.03435
2024-11-23 02:00:00,137000000.0,4579000.0,1387.0,561.2,496.0,2004.0,352700.0,0.03456
2024-11-23 03:00:00,137185000.0,4554000.0,1387.0,555.5,494.0,1969.0,350700.0,0.03419
2024-11-23 04:00:00,137675000.0,4555000.0,1391.0,551.3,490.0,1959.0,351000.0,0.03416
2024-11-23 05:00:00,137612000.0,4568000.0,1390.0,556.1,493.0,1992.0,353200.0,0.03428
2024-11-23 06:00:00,137350000.0,4569000.0,1388.0,556.1,502.0,2002.0,353350.0,0.03461
2024-11-23 07:00:00,136343000.0,4580000.0,1382.0,567.1,503.0,2002.0,353100.0,0.03486
2024-11-23 08:00:00,136800000.0,4593000.0,1385.0,565.2,512.0,2011.0,353750.0,0.0348
2024-11-23 09:00:00,135999000.0,4572000.0,1379.0,564.8,511.0,2027.0,351400.0,0.0347
2024-11-23 10:00:00,135928000.0,4588000.0,1384.0,560.0,527.0,2156.0,352000.0,0.03448
2024-11-23 11:00:00,135935000.0,4582000.0,1384.0,560.5,516.0,2101.0,351450.0,0.03476
2024-11-23 12:00:00,136000000.0,4588000.0,1383.0,582.9,521.0,2137.0,351150.0,0.03723
2024-11-23 13:00:00,135609000.0,4590000.0,1377.0,598.9,515.0,2052.0,355100.0,0.037
2024-11-23 14:00:00,135886000.0,4602000.0,1380.0,625.0,524.0,2100.0,356000.0,0.0368
2024-11-23 15:00:00,135881000.0,4607000.0,1377.0,631.1,533.0,2113.0,356850.0,0.0367
2024-11-23 16:00:00,135747000.0,4603000.0,1377.0,629.6,539.0,2126.0,355300.0,0.0367
2024-11-23 17:00:00,135550000.0,4610000.0,1378.0,626.2,542.0,2127.0,355300.0,0.03675
2024-11-23 18:00:00,135567000.0,4622000.0,1379.0,632.1,546.0,2120.0,355100.0,0.03704
2024-11-23 19:00:00,135598000.0,4621000.0,1378.0,640.3,538.0,2090.0,354100.0,0.0373
2024-11-23 20:00:00,135811000.0,4629000.0,1380.0,645.8,540.0,2113.0,354100.0,0.03734
2024-11-23 21:00:00,135946000.0,4635000.0,1380.0,641.0,550.0,2105.0,354050.0,0.0373
2024-11-23 22:00:00,135951000.0,4699000.0,1378.0,642.2,551.0,2113.0,356500.0,0.03766
2024-11-23 23:00:00,135730000.0,4722000.0,1376.0,634.0,556.0,2125.0,356600.0,0.03759
2024-11-24 00:00:00,135001000.0,4721000.0,1373.0,623.6,565.0,2132.0,356250.0,0.03706
2024-11-24 01:00:00,134195000.0,4629000.0,1373.0,580.8,556.0,2018.0,351150.0,0.03517
2024-11-24 02:00:00,135000000.0,4701000.0,1388.0,583.3,563.0,1987.0,353600.0,0.03536
2024-11-24 03:00:00,135610000.0,4728000.0,1388.0,593.0,583.0,2045.0,354850.0,0.0359
2024-11-24 04:00:00,135458000.0,4733000.0,1387.0,587.7,599.0,2046.0,353400.0,0.036
2024-11-24 05:00:00,135284000.0,4700000.0,1389.0,577.6,580.0,1979.0,352050.0,0.03519
2024-11-24 06:00:00,135869000.0,4735000.0,1391.0,592.3,594.0,2038.0,354600.0,0.03576
2024-11-24 07:00:00,135864000.0,4733000.0,1391.0,604.0,599.0,2038.0,354800.0,0.03612
2024-11-24 08:00:00,135801000.0,4712000.0,1392.0,594.1,598.0,2030.0,353100.0,0.03593
2024-11-24 09:00:00,135750000.0,4717000.0,1394.0,595.2,599.0,2006.0,354500.0,0.03595
2024-11-24 10:00:00,136440000.0,4753000.0,1392.0,613.1,620.0,2043.0,358800.0,0.03697
2024-11-24 11:00:00,136160000.0,4750000.0,1386.0,616.9,631.0,2053.0,357400.0,0.03755
2024-11-24 12:00:00,136070000.0,4742000.0,1387.0,611.1,672.0,2041.0,356800.0,0.03741
2024-11-24 13:00:00,135550000.0,4700000.0,1386.0,597.1,764.0,2005.0,353950.0,0.0365
2024-11-24 14:00:00,135677000.0,4704000.0,1387.0,595.5,799.0,1991.0,352400.0,0.03655
2024-11-24 15:00:00,135934000.0,4714000.0,1387.0,599.1,796.0,2006.0,352700.0,0.03675
2024-11-24 16:00:00,135978000.0,4721000.0,1385.0,602.2,810.0,2020.0,354050.0,0.03691
2024-11-24 17:00:00,135570000.0,4689000.0,1384.0,590.8,829.0,1990.0,351250.0,0.03625
2024-11-24 18:00:00,135700000.0,4694000.0,1386.0,589.3,828.0,1985.0,350650.0,0.03626
2024-11-24 19:00:00,134200000.0,4610000.0,1380.0,580.0,840.0,1961.0,345000.0,0.0353
2024-11-24 20:00:00,133000000.0,4572000.0,1375.0,567.0,817.0,1900.0,340000.0,0.03465
2024-11-24 21:00:00,131501000.0,4492000.0,1373.0,547.0,791.0,1760.0,330000.0,0.03335
2024-11-24 22:00:00,132787000.0,4547000.0,1377.0,561.2,770.0,1835.0,335050.0,0.03406
2024-11-24 23:00:00,133000000.0,4520000.0,1379.0,559.9,720.0,1850.0,337000.0,0.03401
2024-11-25 00:00:00,132300000.0,4540000.0,1381.0,553.8,698.0,1807.0,336700.0,0.03376
2024-11-25 01:00:00,132197000.0,4537000.0,1381.0,552.0,715.0,1801.0,336150.0,0.03361
2024-11-25 02:00:00,132615000.0,4568000.0,1383.0,563.9,759.0,1838.0,339700.0,0.03409
2024-11-25 03:00:00,132667000.0,4581000.0,1380.0,568.7,779.0,1853.0,342150.0,0.03429
2024-11-25 04:00:00,132672000.0,4571000.0,1380.0,572.4,778.0,1897.0,341700.0,0.03427
2024-11-25 05:00:00,133030000.0,4591000.0,1379.0,576.2,782.0,1900.0,343050.0,0.03445
2024-11-25 06:00:00,133926000.0,4622000.0,1385.0,584.2,817.0,1945.0,346150.0,0.03485
2024-11-25 07:00:00,134950000.0,4653000.0,1390.0,589.0,857.0,1990.0,349200.0,0.0354
2024-11-25 08:00:00,135345000.0,4654000.0,1387.0,590.8,956.0,1966.0,350050.0,0.03551
2024-11-25 09:00:00,134300000.0,4590000.0,1380.0,575.7,1003.0,1912.0,344100.0,0.03459
2024-11-25 10:00:00,133710000.0,4555000.0,1380.0,566.3,965.0,1865.0,338900.0,0.03411
2024-11-25 11:00:00,134239000.0,4600000.0,1381.0,574.3,1010.0,1900.0,343650.0,0.03463
2024-11-25 12:00:00,134283000.0,4601000.0,1381.0,576.8,1080.0,1910.0,344600.0,0.03474
2024-11-25 13:00:00,134660000.0,4632000.0,1379.0,578.8,1057.0,1933.0,347450.0,0.03492
2024-11-25 14:00:00,134873000.0,4646000.0,1377.0,580.7,1074.0,1981.0,347950.0,0.03502
2024-11-25 15:00:00,134968000.0,4645000.0,1377.0,581.2,1050.0,1997.0,346600.0,0.03509
2024-11-25 16:00:00,134890000.0,4640000.0,1379.0,582.6,1035.0,1998.0,346500.0,0.0353
2024-11-25 17:00:00,135067000.0,4679000.0,1377.0,588.5,1011.0,2039.0,348950.0,0.0355
2024-11-25 18:00:00,135197000.0,4700000.0,1376.0,593.0,1027.0,2055.0,350000.0,0.03571
2024-11-25 19:00:00,134959000.0,4760000.0,1376.0,585.5,1030.0,2030.0,347250.0,0.03539
2024-11-25 20:00:00,134787000.0,4740000.0,1376.0,580.6,1014.0,2013.0,345300.0,0.03547
2024-11-25 21:00:00,134874000.0,4775000.0,1377.0,581.2,1013.0,2013.0,345700.0,0.03557
2024-11-25 22:00:00,134200000.0,4750000.0,1379.0,573.4,991.0,1971.0,340500.0,0.0351
2024-11-25 23:00:00,133000000.0,4733000.0,1382.0,562.1,976.0,1936.0,337750.0,0.0346
2024-11-26 00:00:00,132180000.0,4670000.0,1388.0,557.1,978.0,1921.0,331000.0,0.03433
2024-11-26 01:00:00,133160000.0,4810000.0,1386.0,574.0,1024.0,1969.0,335850.0,0.03526
2024-11-26 02:00:00,132360000.0,4770000.0,1389.0,559.4,974.0,1989.0,332500.0,0.0352
2024-11-26 03:00:00,132550000.0,4795000.0,1393.0,558.5,995.0,2020.0,333800.0,0.03551
2024-11-26 04:00:00,132200000.0,4788000.0,1394.0,560.4,1001.0,2032.0,332650.0,0.03554
2024-11-26 05:00:00,132200000.0,4822000.0,1394.0,562.0,996.0,2017.0,333700.0,0.03559
2024-11-26 06:00:00,131000000.0,4770000.0,1395.0,551.2,957.0,1980.0,330100.0,0.03494
2024-11-26 07:00:00,130000000.0,4701000.0,1398.0,538.6,944.0,1938.0,324350.0,0.03408
2024-11-26 08:00:00,129688000.0,4752000.0,1394.0,546.0,970.0,1965.0,326000.0,0.03435
2024-11-26 09:00:00,129072000.0,4719000.0,1391.0,542.6,924.0,1951.0,325050.0,0.03414
2024-11-26 10:00:00,130499000.0,4752000.0,1392.0,554.4,924.0,1976.0,327550.0,0.03466
2024-11-26 11:00:00,131417000.0,4775000.0,1391.0,562.5,921.0,2004.0,331250.0,0.03504
2024-11-26 12:00:00,130986000.0,4753000.0,1389.0,558.8,908.0,1995.0,329000.0,0.03474
2024-11-26 13:00:00,130736000.0,4740000.0,1388.0,558.5,892.0,1994.0,328300.0,0.03473
2024-11-26 14:00:00,130500000.0,4735000.0,1388.0,560.4,889.0,1995.0,328600.0,0.03493
2024-11-26 15:00:00,131283000.0,4756000.0,1389.0,560.3,900.0,1990.0,330600.0,0.03494
2024-11-26 16:00:00,130500000.0,4709000.0,1392.0,552.2,883.0,1970.0,328050.0,0.03441
2024-11-26 17:00:00,128073000.0,4650000.0,1390.0,537.2,857.0,1926.0,320550.0,0.03364
2024-11-26 18:00:00,129450000.0,4665000.0,1392.0,538.0,855.0,1900.0,323750.0,0.0338
2024-11-26 19:00:00,128500000.0,4619000.0,1396.0,526.1,862.0,1859.0,316800.0,0.0335
2024-11-26 20:00:00,127416000.0,4572000.0,1395.0,510.0,834.0,1803.0,309200.0,0.03269
2024-11-26 21:00:00,128000000.0,4597000.0,1395.0,514.3,842.0,1835.0,315500.0,0.03284
2024-11-26 22:00:00,128110000.0,4606000.0,1393.0,516.0,843.0,1841.0,316100.0,0.03285
2024-11-26 23:00:00,127998000.0,4595000.0,1393.0,518.4,842.0,1863.0,315000.0,0.033
2024-11-27 00:00:00,128823000.0,4613000.0,1394.0,526.0,851.0,1875.0,317950.0,0.0333
2024-11-27 01:00:00,129700000.0,4608000.0,1394.0,528.5,852.0,1879.0,317500.0,0.03341
2024-11-27 02:00:00,130447000.0,4622000.0,1394.0,536.6,846.0,1911.0,320600.0,0.03374
2024-11-27 03:00:00,129001000.0,4572000.0,1396.0,520.1,815.0,1870.0,313800.0,0.03309
2024-11-27 04:00:00,128700000.0,4586000.0,1400.0,522.9,825.0,1877.0,316000.0,0.03333
2024-11-27 05:00:00,127604000.0,4614000.0,1397.0,530.0,837.0,1926.0,319100.0,0.0337
2024-11-27 06:00:00,127623000.0,4631000.0,1398.0,533.9,853.0,1949.0,321150.0,0.03377
2024-11-27 07:00:00,128349000.0,4653000.0,1398.0,534.4,850.0,1940.0,322100.0,0.03381
2024-11-27 08:00:00,128160000.0,4644000.0,1397.0,533.0,844.0,1945.0,321750.0,0.03385
2024-11-27 09:00:00,127900000.0,4608000.0,1394.0,530.1,805.0,1904.0,319250.0,0.0336
2024-11-27 10:00:00,128014000.0,4605000.0,1392.0,530.0,802.0,1903.0,317900.0,0.03353
2024-11-27 11:00:00,128494000.0,4623000.0,1392.0,537.9,811.0,1911.0,320700.0,0.03382
2024-11-27 12:00:00,129120000.0,4681000.0,1393.0,538.4,815.0,1900.0,323000.0,0.034
2024-11-27 13:00:00,129170000.0,4693000.0,1394.0,540.5,815.0,1906.0,320950.0,0.03404
2024-11-27 14:00:00,129087000.0,4735000.0,1397.0,540.6,812.0,1895.0,319100.0,0.03404
2024-11-27 15:00:00,129662000.0,4751000.0,1395.0,544.1,821.0,1910.0,320250.0,0.03408
2024-11-27 16:00:00,129869000.0,4774000.0,1395.0,546.2,832.0,1922.0,322000.0,0.03425
2024-11-27 17:00:00,130021000.0,4753000.0,1394.0,548.1,853.0,1963.0,324850.0,0.03433
2024-11-27 18:00:00,129697000.0,4735000.0,1391.0,542.3,841.0,1971.0,323500.0,0.0341
2024-11-27 19:00:00,129908000.0,4743000.0,1390.0,543.4,855.0,1996.0,323800.0,0.03426
2024-11-27 20:00:00,129800000.0,4775000.0,1390.0,542.6,844.0,1977.0,326000.0,0.0345
2024-11-27 21:00:00,129184000.0,4787000.0,1392.0,537.0,827.0,1964.0,323600.0,0.03408
2024-11-27 22:00:00,130041000.0,4834000.0,1391.0,542.5,831.0,1977.0,326100.0,0.03439
2024-11-27 23:00:00,130901000.0,4830000.0,1389.0,543.5,850.0,1991.0,329500.0,0.0346
2024-11-28 00:00:00,131250000.0,4887000.0,1385.0,550.1,849.0,1995.0,330550.0,0.03487
2024-11-28 01:00:00,131700000.0,4895000.0,1384.0,550.6,854.0,2028.0,330250.0,0.03485
2024-11-28 02:00:00,132100000.0,4892000.0,1383.0,550.5,852.0,2027.0,329500.0,0.03487
2024-11-28 03:00:00,132932000.0,4910000.0,1383.0,552.8,846.0,2045.0,330700.0,0.03501
2024-11-28 04:00:00,132591000.0,4938000.0,1382.0,552.8,845.0,2037.0,330150.0,0.03489
2024-11-28 05:00:00,133020000.0,4960000.0,1381.0,555.5,848.0,2049.0,330450.0,0.03505
2024-11-28 06:00:00,133000000.0,4999000.0,1381.0,554.2,852.0,2059.0,331250.0,0.03506
2024-11-28 07:00:00,133050000.0,5032000.0,1385.0,555.2,853.0,2044.0,332150.0,0.03526
2024-11-28 08:00:00,132885000.0,5066000.0,1387.0,555.3,855.0,2033.0,334150.0,0.0354
2024-11-28 09:00:00,132895000.0,5050000.0,1388.0,552.0,836.0,2016.0,334200.0,0.0354
2024-11-28 10:00:00,133300000.0,5020000.0,1388.0,561.1,838.0,2028.0,336350.0,0.03584
2024-11-28 11:00:00,132390000.0,4992000.0,1385.0,569.6,820.0,2015.0,334400.0,0.03545
2024-11-28 12:00:00,131438000.0,4944000.0,1385.0,559.5,818.0,2000.0,330000.0,0.03515
2024-11-28 13:00:00,132254000.0,4971000.0,1388.0,565.0,830.0,2023.0,332500.0,0.03558
2024-11-28 14:00:00,132401000.0,4982000.0,1389.0,563.7,830.0,2034.0,331000.0,0.03549
2024-11-28 15:00:00,132125000.0,4965000.0,1389.0,560.5,829.0,2042.0,329400.0,0.03527
2024-11-28 16:00:00,132545000.0,4988000.0,1390.0,559.5,827.0,2032.0,330800.0,0.03518
2024-11-28 17:00:00,132534000.0,4983000.0,1392.0,555.6,826.0,2028.0,330300.0,0.03501
2024-11-28 18:00:00,132533000.0,5019000.0,1393.0,560.2,827.0,2021.0,329150.0,0.03514
2024-11-28 19:00:00,132183000.0,5001000.0,1394.0,557.3,825.0,2012.0,328000.0,0.035
2024-11-28 20:00:00,132379000.0,5019000.0,1396.0,554.0,822.0,2015.0,328050.0,0.0349
2024-11-28 21:00:00,133017000.0,5042000.0,1395.0,557.1,822.0,2034.0,328700.0,0.03512
2024-11-28 22:00:00,133000000.0,5000000.0,1396.0,556.5,822.0,2030.0,328000.0,0.03509
2024-11-28 23:00:00,133208000.0,4971000.0,1394.0,557.8,820.0,2039.0,328600.0,0.03523
2024-11-29 00:00:00,133051000.0,4961000.0,1397.0,550.2,815.0,2012.0,327050.0,0.03495
2024-11-29 01:00:00,133030000.0,4950000.0,1399.0,551.8,816.0,2015.0,327150.0,0.03502
2024-11-29 02:00:00,132850000.0,4960000.0,1398.0,554.8,824.0,2050.0,329300.0,0.03517
2024-11-29 03:00:00,132850000.0,4971000.0,1396.0,555.0,830.0,2053.0,329400.0,0.0352
2024-11-29 04:00:00,132852000.0,4983000.0,1396.0,556.6,835.0,2054.0,328450.0,0.03531
2024-11-29 05:00:00,132600000.0,4972000.0,1397.0,554.8,834.0,2048.0,328650.0,0.03517
2024-11-29 06:00:00,132601000.0,4970000.0,1395.0,554.9,836.0,2060.0,329100.0,0.03527
2024-11-29 07:00:00,132705000.0,4980000.0,1392.0,558.0,837.0,2066.0,329150.0,0.03538
2024-11-29 08:00:00,133084000.0,4980000.0,1392.0,559.0,847.0,2098.0,330150.0,0.03546
2024-11-29 09:00:00,132850000.0,4951000.0,1391.0,556.2,848.0,2123.0,329750.0,0.03526
2024-11-29 10:00:00,132953000.0,4950000.0,1391.0,557.1,903.0,2123.0,329500.0,0.03529
2024-11-29 11:00:00,133345000.0,4962000.0,1389.0,560.8,923.0,2162.0,330950.0,0.03559
2024-11-29 12:00:00,133850000.0,4976000.0,1390.0,562.6,911.0,2156.0,334950.0,0.03581
2024-11-29 13:00:00,133702000.0,4958000.0,1391.0,561.5,891.0,2140.0,334000.0,0.03565
2024-11-29 14:00:00,133620000.0,4971000.0,1390.0,561.8,893.0,2150.0,334000.0,0.03581
2024-11-29 15:00:00,133540000.0,4950000.0,1389.0,560.5,891.0,2170.0,333300.0,0.03575
2024-11-29 16:00:00,133222000.0,4909000.0,1389.0,557.5,872.0,2212.0,331000.0,0.03549
2024-11-29 17:00:00,133200000.0,4933000.0,1392.0,557.8,873.0,2212.0,331000.0,0.03547
2024-11-29 18:00:00,133478000.0,4950000.0,1390.0,563.3,887.0,2226.0,332550.0,0.03589
2024-11-29 19:00:00,133738000.0,4945000.0,1387.0,567.1,885.0,2264.0,333550.0,0.03581
2024-11-29 20:00:00,133900000.0,4954000.0,1387.0,570.1,882.0,2280.0,334650.0,0.03564
2024-11-29 21:00:00,134529000.0,4966000.0,1388.0,569.4,883.0,2290.0,336850.0,0.03567
2024-11-29 22:00:00,134310000.0,4981000.0,1388.0,569.3,886.0,2298.0,336500.0,0.03577
2024-11-29 23:00:00,134687000.0,4991000.0,1386.0,577.2,898.0,2324.0,336950.0,0.03595
2024-11-30 00:00:00,135400000.0,4997000.0,1384.0,575.3,890.0,2372.0,336600.0,0.03587
2024-11-30 01:00:00,135475000.0,4970000.0,1385.0,576.0,888.0,2332.0,335500.0,0.03584
2024-11-30 02:00:00,134700000.0,4973000.0,1386.0,577.0,885.0,2341.0,333800.0,0.03584
2024-11-30 03:00:00,134349000.0,4952000.0,1385.0,583.5,889.0,2327.0,333250.0,0.03593
2024-11-30 04:00:00,134373000.0,4942000.0,1384.0,585.8,885.0,2363.0,333350.0,0.0359
2024-11-30 05:00:00,134349000.0,4947000.0,1382.0,594.8,893.0,2370.0,333300.0,0.03609
2024-11-30 06:00:00,134279000.0,4950000.0,1382.0,590.0,900.0,2388.0,334750.0,0.03597
2024-11-30 07:00:00,134499000.0,4961000.0,1382.0,590.0,901.0,2401.0,337250.0,0.03615
2024-11-30 08:00:00,134400000.0,4965000.0,1382.0,585.7,898.0,2429.0,335600.0,0.03601
2024-11-30 09:00:00,134137000.0,4941000.0,1381.0,578.1,884.0,2443.0,333050.0,0.0356
2024-11-30 10:00:00,134000000.0,4966000.0,1387.0,580.0,885.0,2460.0,332650.0,0.03563
2024-11-30 11:00:00,134000000.0,4993000.0,1388.0,576.0,883.0,2483.0,333750.0,0.03562
2024-11-30 12:00:00,133774000.0,5005000.0,1384.0,578.5,882.0,2465.0,334300.0,0.03565
2024-11-30 13:00:00,133702000.0,5031000.0,1383.0,582.0,883.0,2497.0,334700.0,0.03573
2024-11-30 14:00:00,133752000.0,5030000.0,1382.0,582.3,889.0,2545.0,334050.0,0.0357
2024-11-30 15:00:00,133829000.0,5103000.0,1383.0,588.2,894.0,2586.0,334850.0,0.03607
2024-11-30 16:00:00,133815000.0,5104000.0,1385.0,586.8,907.0,2634.0,335250.0,0.03626
2024-11-30 17:00:00,134016000.0,5106000.0,1385.0,593.1,902.0,2604.0,337450.0,0.037
2024-11-30 18:00:00,133900000.0,5098000.0,1385.0,591.3,901.0,2601.0,337200.0,0.03683
2024-11-30 19:00:00,133615000.0,5050000.0,1386.0,582.8,885.0,2566.0,334050.0,0.03696
2024-11-30 20:00:00,133600000.0,5043000.0,1387.0,582.7,885.0,2594.0,333900.0,0.03701
2024-11-30 21:00:00,133698000.0,5073000.0,1388.0,586.1,898.0,2535.0,335000.0,0.03733
2024-11-30 22:00:00,133857000.0,5090000.0,1389.0,584.0,898.0,2535.0,334200.0,0.03714
2024-11-30 23:00:00,133801000.0,5069000.0,1387.0,581.0,935.0,2544.0,332650.0,0.03679
2024-12-01 00:00:00,133914000.0,5070000.0,1388.0,581.0,925.0,2550.0,332000.0,0.03681
2024-12-01 01:00:00,133957000.0,5081000.0,1387.0,586.1,920.0,2580.0,332350.0,0.03716
2024-12-01 02:00:00,134152000.0,5090000.0,1387.0,588.5,922.0,2610.0,331800.0,0.03745
2024-12-01 03:00:00,134134000.0,5085000.0,1386.0,585.8,926.0,2591.0,332000.0,0.03724
2024-12-01 04:00:00,134300000.0,5084000.0,1386.0,586.2,930.0,2616.0,331750.0,0.0372
2024-12-01 05:00:00,134198000.0,5108000.0,1385.0,589.9,931.0,2605.0,332150.0,0.0371
2024-12-01 06:00:00,133895000.0,5104000.0,1384.0,590.5,935.0,2618.0,332700.0,0.0373
2024-12-01 07:00:00,133708000.0,5123000.0,1383.0,584.5,925.0,2635.0,330550.0,0.0371
2024-12-01 08:00:00,133700000.0,5130000.0,1386.0,584.8,925.0,2650.0,330000.0,0.03702
2024-12-01 09:00:00,133610000.0,5110000.0,1387.0,584.0,905.0,2605.0,329900.0,0.03686
2024-12-01 10:00:00,133500000.0,5090000.0,1389.0,591.0,891.0,2583.0,328500.0,0.03948
2024-12-01 11:00:00,133297000.0,5099000.0,1390.0,580.1,890.0,2580.0,326300.0,0.03864
2024-12-01 12:00:00,133308000.0,5103000.0,1391.0,584.1,892.0,2596.0,326750.0,0.03956
2024-12-01 13:00:00,133804000.0,5140000.0,1391.0,591.0,898.0,2617.0,327900.0,0.0404
2024-12-01 14:00:00,133935000.0,5127000.0,1390.0,593.3,897.0,2590.0,328000.0,0.04201
2024-12-01 15:00:00,134075000.0,5134000.0,1393.0,592.1,897.0,2594.0,328100.0,0.04254
2024-12-01 16:00:00,134000000.0,5145000.0,1392.0,593.0,902.0,2606.0,328000.0,0.04223
2024-12-01 17:00:00,134178000.0,5147000.0,1390.0,594.3,902.0,2605.0,328200.0,0.04118
2024-12-01 18:00:00,134395000.0,5132000.0,1389.0,591.7,904.0,2652.0,329850.0,0.0408
2024-12-01 19:00:00,134400000.0,5117000.0,1390.0,584.9,900.0,2652.0,328150.0,0.04095
2024-12-01 20:00:00,134552000.0,5120000.0,1390.0,587.4,905.0,2645.0,328550.0,0.04134
2024-12-01 21:00:00,134580000.0,5120000.0,1390.0,587.6,923.0,2637.0,329250.0,0.04231
2024-12-01 22:00:00,134588000.0,5124000.0,1390.0,587.1,911.0,2636.0,329050.0,0.04246
2024-12-01 23:00:00,134761000.0,5138000.0,1390.0,588.5,910.0,2639.0,329700.0,0.04397
2024-12-02 00:00:00,134645000.0,5139000.0,1388.0,590.4,914.0,2632.0,329450.0,0.04426
2024-12-02 01:00:00,134601000.0,5160000.0,1386.0,594.3,916.0,2612.0,330300.0,0.0443
2024-12-02 02:00:00,134756000.0,5150000.0,1387.0,598.0,911.0,2639.0,328800.0,0.0439
2024-12-02 03:00:00,134550000.0,5138000.0,1386.0,598.1,917.0,2668.0,327500.0,0.04327
2024-12-02 04:00:00,134000000.0,5103000.0,1383.0,591.0,912.0,2726.0,325000.0,0.04231
2024-12-02 05:00:00,133849000.0,5090000.0,1382.0,588.8,903.0,2865.0,324500.0,0.0418
2024-12-02 06:00:00,134150000.0,5090000.0,1380.0,601.3,911.0,2960.0,325350.0,0.04282
2024-12-02 07:00:00,134200000.0,5100000.0,1379.0,607.0,911.0,2950.0,326500.0,0.0429
2024-12-02 08:00:00,133800000.0,5100000.0,1376.0,603.0,924.0,2962.0,325700.0,0.04213
2024-12-02 09:00:00,133800000.0,5103000.0,1378.0,603.7,915.0,3134.0,325300.0,0.04221
2024-12-02 10:00:00,134744000.0,5114000.0,1385.0,612.5,912.0,3236.0,325350.0,0.04283
2024-12-02 11:00:00,135172000.0,5140000.0,1386.0,623.1,910.0,3190.0,325500.0,0.04286
2024-12-02 12:00:00,134000000.0,5123000.0,1387.0,612.4,894.0,3303.0,318550.0,0.04158
2024-12-02 13:00:00,134000000.0,5101000.0,1392.0,604.7,881.0,3298.0,317250.0,0.04128
2024-12-02 14:00:00,134159000.0,5122000.0,1391.0,609.1,895.0,3368.0,317500.0,0.04157
2024-12-02 15:00:00,134100000.0,5109000.0,1393.0,603.8,891.0,3314.0,316500.0,0.04137
2024-12-02 16:00:00,133838000.0,5105000.0,1394.0,597.3,891.0,3346.0,317350.0,0.0416
2024-12-02 17:00:00,132260000.0,4995000.0,1396.0,560.2,841.0,3093.0,311750.0,0.03945
2024-12-02 18:00:00,133040000.0,5038000.0,1399.0,574.3,858.0,3180.0,315850.0,0.04028
2024-12-02 19:00:00,132800000.0,5003000.0,1401.0,567.6,849.0,3153.0,312800.0,0.03977
2024-12-02 20:00:00,132947000.0,5001000.0,1402.0,568.6,847.0,3135.0,312750.0,0.03964
2024-12-02 21:00:00,133272000.0,5032000.0,1402.0,573.6,861.0,3231.0,312700.0,0.03991
2024-12-02 22:00:00,133590000.0,5050000.0,1400.0,579.5,872.0,3296.0,313150.0,0.0405
2024-12-02 23:00:00,133802000.0,5071000.0,1393.0,584.8,874.0,3371.0,314150.0,0.04065
2024-12-03 00:00:00,133539000.0,5051000.0,1391.0,584.2,872.0,3626.0,313350.0,0.04054
2024-12-03 01:00:00,133830000.0,5037000.0,1388.0,581.7,880.0,3653.0,313700.0,0.04019
2024-12-03 02:00:00,132600000.0,5010000.0,1395.0,575.5,876.0,3636.0,310000.0,0.0401
2024-12-03 03:00:00,132610000.0,5012000.0,1395.0,577.7,878.0,3679.0,310050.0,0.04029
2024-12-03 04:00:00,133110000.0,5027000.0,1395.0,585.1,893.0,3734.0,310000.0,0.04059
2024-12-03 05:00:00,133459000.0,5037000.0,1394.0,589.0,897.0,3770.0,311000.0,0.04052
2024-12-03 06:00:00,133070000.0,5033000.0,1394.0,585.0,909.0,3680.0,309950.0,0.04035
2024-12-03 07:00:00,133093000.0,5039000.0,1395.0,585.5,919.0,3752.0,311100.0,0.04065
2024-12-03 08:00:00,133000000.0,5042000.0,1392.0,587.2,939.0,3751.0,312600.0,0.04096
2024-12-03 09:00:00,133357000.0,5057000.0,1396.0,585.2,990.0,3700.0,313350.0,0.04076
2024-12-03 10:00:00,133371000.0,5070000.0,1398.0,580.6,1110.0,3756.0,313250.0,0.04059
2024-12-03 11:00:00,133608000.0,5063000.0,1398.0,581.6,1120.0,3743.0,313150.0,0.04066
2024-12-03 12:00:00,133800000.0,5072000.0,1395.0,587.4,1105.0,3764.0,317700.0,0.0407
2024-12-03 13:00:00,133500000.0,5067000.0,1393.0,585.7,1066.0,3770.0,316500.0,0.04045
2024-12-03 14:00:00,133477000.0,5070000.0,1393.0,584.8,1072.0,3768.0,316050.0,0.04078
2024-12-03 15:00:00,133382000.0,5062000.0,1392.0,580.5,1075.0,3691.0,315150.0,0.04102
2024-12-03 16:00:00,133199000.0,5041000.0,1396.0,575.0,1070.0,3536.0,314000.0,0.04044
2024-12-03 17:00:00,133261000.0,5045000.0,1399.0,580.0,1090.0,3660.0,315750.0,0.04097
2024-12-03 18:00:00,133195000.0,5045000.0,1399.0,579.4,1103.0,3649.0,314100.0,0.04075
2024-12-03 19:00:00,132700000.0,5034000.0,1398.0,576.6,1095.0,3606.0,313000.0,0.04035
2024-12-03 20:00:00,132500000.0,5039000.0,1395.0,577.7,1089.0,3624.0,313050.0,0.04038
2024-12-03 21:00:00,132331000.0,5028000.0,1395.0,578.4,1076.0,3781.0,312800.0,0.0403
2024-12-03 22:00:00,88266000.0,3120000.0,1043.0,300.0,589.0,1623.0,180000.0,0.021
2024-12-03 23:00:00,115030000.0,3820000.0,1200.0,434.3,802.0,2714.0,255450.0,0.03021
2024-12-04 00:00:00,127668000.0,4741000.0,1353.0,532.5,937.0,3210.0,295000.0,0.0366
2024-12-04 01:00:00,131950000.0,4919000.0,1386.0,557.7,1007.0,3457.0,306000.0,0.03835
2024-12-04 02:00:00,131697000.0,4927000.0,1391.0,554.9,1006.0,3472.0,307000.0,0.03839
2024-12-04 03:00:00,132499000.0,4965000.0,1391.0,565.2,1037.0,3517.0,311500.0,0.03896
2024-12-04 04:00:00,132000000.0,4933000.0,1390.0,558.5,1030.0,3480.0,312000.0,0.03878
2024-12-04 05:00:00,133277000.0,5001000.0,1397.0,569.5,1061.0,3581.0,318650.0,0.03942
2024-12-04 06:00:00,133850000.0,5047000.0,1397.0,575.8,1084.0,3651.0,319200.0,0.04003
2024-12-04 07:00:00,134000000.0,5047000.0,1400.0,572.8,1102.0,3615.0,328600.0,0.03987
2024-12-04 08:00:00,133661000.0,5050000.0,1398.0,567.2,1070.0,3500.0,325500.0,0.03979
2024-12-04 09:00:00,133600000.0,5049000.0,1400.0,567.1,1062.0,3510.0,325400.0,0.03994
2024-12-04 10:00:00,134227000.0,5173000.0,1403.0,579.5,1053.0,3521.0,331550.0,0.04191
2024-12-04 11:00:00,134096000.0,5121000.0,1404.0,579.0,1071.0,3540.0,331500.0,0.04155
2024-12-04 12:00:00,134355000.0,5138000.0,1405.0,581.2,1077.0,3575.0,332100.0,0.04191
2024-12-04 13:00:00,134343000.0,5138000.0,1405.0,582.0,1085.0,3574.0,332650.0,0.04194
2024-12-04 14:00:00,134580000.0,5148000.0,1403.0,582.2,1100.0,3609.0,333050.0,0.04187
2024-12-04 15:00:00,135099000.0,5147000.0,1404.0,584.9,1125.0,3655.0,331600.0,0.04196
2024-12-04 16:00:00,135147000.0,5175000.0,1403.0,586.5,1116.0,3668.0,331250.0,0.04237
2024-12-04 17:00:00,135280000.0,5190000.0,1403.0,587.2,1134.0,3681.0,330000.0,0.04235
2024-12-04 18:00:00,135578000.0,5200000.0,1404.0,586.1,1134.0,3694.0,330350.0,0.0424
2024-12-04 19:00:00,135166000.0,5197000.0,1404.0,582.9,1143.0,3670.0,330700.0,0.04236
2024-12-04 20:00:00,134787000.0,5208000.0,1402.0,584.2,1156.0,3675.0,330100.0,0.04251
2024-12-04 21:00:00,134000000.0,5160000.0,1404.0,571.6,1264.0,3568.0,324350.0,0.04111
2024-12-04 22:00:00,134230000.0,5188000.0,1406.0,575.0,1294.0,3571.0,324550.0,0.04162
2024-12-04 23:00:00,134270000.0,5196000.0,1405.0,575.5,1241.0,3581.0,323750.0,0.0415
2024-12-05 00:00:00,134419000.0,5281000.0,1406.0,576.1,1241.0,3520.0,325150.0,0.0419
2024-12-05 01:00:00,133499000.0,5260000.0,1408.0,563.4,1293.0,3277.0,317400.0,0.0405
2024-12-05 02:00:00,133784000.0,5297000.0,1411.0,567.7,1298.0,3300.0,317800.0,0.04096
2024-12-05 03:00:00,134725000.0,5363000.0,1408.0,576.4,1365.0,3389.0,322750.0,0.04161
2024-12-05 04:00:00,135100000.0,5377000.0,1405.0,579.4,1424.0,3353.0,323500.0,0.04197
2024-12-05 05:00:00,136204000.0,5381000.0,1404.0,581.2,1409.0,3294.0,323750.0,0.04191
2024-12-05 06:00:00,136680000.0,5381000.0,1403.0,587.6,1382.0,3200.0,323250.0,0.04217
2024-12-05 07:00:00,137003000.0,5385000.0,1406.0,588.3,1354.0,3325.0,323050.0,0.04263
2024-12-05 08:00:00,138090000.0,5392000.0,1407.0,590.2,1278.0,3214.0,318800.0,0.04311
